SENTENCE,MAIN,N
아이스아메리카노 하나요,일반주문,81
네 텀블러에 넣어주세요,텀블러사용,103
그란데 사이즈로 주세요,일반주문,81
저 카푸치노로 주문할게요,일반주문,81
그럼 2000원 추가해서 브레드도 같이 시킬게요,결제요청,4
저 도장 다 모았는데 나중에 써도 되나요?,기프티콘쿠폰멤버십사용문의,11
이 기프티콘 여기서 사용할 수 있나요?,기프티콘쿠폰멤버십사용문의,11
그럼 이 기프티콘 쓰고 다른걸로 주문할게요,일반주문,81
자바칩 프라푸치노에 휘핑 빼고요,일반주문,81
여기 기프티콘 대면 되죠?,결제요청,4
"따뜻한 아메리카노 한 잔, 아이스라떼 한 잔이요.",일반주문,81
"네, 그런데 중간에 테이크 아웃도 가능한가요?",남은음료테이크아웃문의,12
"네, 스콘도 3개 같이 주세요.",일반주문,81
카푸치노 차갑게 되나요?,일반주문,81
아이스 카푸치노 개인컵에 주실 수 있나요?,텀블러사용,103
음료와 같이 먹을 빵 추천해주세요,메뉴추천요구,32
모바일 쿠폰으로 결제할 수 있어요?,기프티콘쿠폰멤버십결제요구,9
화장실은 어디에 있나요?,화장실위치문의,124
여기에서 제일 잘나가는 커피가 뭐에요?,메뉴추천요구,32
라이트한 맛의 아이스아메리카노요?,메뉴문의,29
"그럼 그거 한잔하고, 카페라떼 주세요.",일반주문,81
아메리카노 톨 사이즈로 주세요,일반주문,81
네 그리고 이 맴버쉽 할인 사용할게요,할인요청,117
진동밸을 따로 주시나요?,픽업문의,115
와이파이 비밀번호는 뭐에요?,와이파이문의,70
계절메뉴 주문가능한가요?,계절메뉴주문문의,6
배달 하시나요?,배달문의,40
콘센트 자리 있나요?,콘센트자리문의,100
커피에 샷 추가 가능한가요?,에스프레소샷개수요구,63
남은 음료 담아 주시나요?,남은음료테이크아웃문의,12
밀크티 있나요?,메뉴문의,29
밀크티에 혹시 우유가 들어가나요 아니면 우유 분말이 들어가나요?,재료문의,85
밀크티 홍차 종류는 뭐가 있어요?,메뉴문의,29
그럼 루이보스 밀크티 하나 주시겠어요?,일반주문,81
쿠폰 주시나요?,쿠폰문의,102
아이스 아메리카노 한잔이요,일반주문,81
텀블러 가져왔는데 여기에 담아주세요,텀블러사용,103
쿠폰 있는데 도장도 찍어주세요,쿠폰멤버십적립문의,101
다음번에 무료로 하고 이번엔 새로 도장 찍어주세요,쿠폰멤버십적립문의,101
2명 창가자리에 앉을 수 있을까요?,자리여부문의,84
저는 우선 따뜻한 물이랑 커피주세요,일반주문,81
혹시 빵 종류도 있나요?,빵종류문의,46
아메리카노 한 잔에 얼마죠?,가격문의,2
사이즈업 되나요?,사이즈문의,47
두 잔 테이크아웃 할게요.,테이크아웃요구,106
이 쿠폰 쓸 수 있죠?,기프티콘쿠폰멤버십사용문의,11
얼마나 걸리나요?,제조시간문의,87
카푸치노 한잔이랑 아메리카노 두잔 주세요.,일반주문,81
카푸치노는 빅사이즈로 주시고 아메리카노는 스몰로 주시겠어요?,사이즈요구,48
얼마나 걸릴까요?,제조시간문의,87
음료랑 다 해서 얼마에요?,가격문의,2
죄송한데 조각 케이크도 추가해주시겠어요?,메뉴추가주문,31
아메리카노 한잔 주세요.,일반주문,81
"네, 텀블러에 담아주실 수 있나요? ",텀블러사용,103
텀블러 할인 있나요?,텀블러할인문의,104
치즈케익도 하나 주세요.,메뉴추가주문,31
삼성페이 되나요?,모바일페이결제,35
아메리카노 한잔 주문 할 수 있을까요?,일반주문,81
아메리카노는 어떤 종류가 있나요?,메뉴문의,29
디카페인으로 한잔 주문할게요.,일반주문,81
카카오 페이로 결제 가능한가요?,모바일페이결제,35
포인트 적립 같이 할 수 있나요?,쿠폰멤버십적립문의,101
커피 주문할게요,메뉴문의,29
네 오늘의 커피로 주세요,일반주문,81
아 네 제일 양이 적은 숏으로 할게요,사이즈요구,48
근데 오늘의 커피는 무슨커피로 하나요 매번 맛이 다르던데,메뉴문의,29
페퍼민트 티 하나주세요.,일반주문,81
사이즈업 되나요?,사이즈문의,47
머핀은 뭐가 제일 맛있나요?,메뉴추천요구,32
그럼 블루베리 머핀도 같이 주세요.,일반주문,81
현금 영수증 해주세요.,현금영수증요청,122
주문하려고 해요.,메뉴문의,29
아이스 아메리카노랑 따뜻한 라떼로 주세요.,일반주문,81
둘 다 톨 사이즈로 주세요.,사이즈요구,48
아 그리고 라떼는 우유 좀 적게 주세요.,물우유량요구,37
아아 주문 가능한가요?,영업시간문의,67
언제 음료가 나오나요?,제조시간문의,87
혹시 아이리쉬 커피도 판매하나요?,메뉴문의,29
캐리어에 넣어 주실 수 있나요?,캐리어요구,98
실내에서 일회용 사용 가능한가요?,매장내에서일회용사용문의,25
한사람당 한잔씩 시켜야 하나요?,1인1잔문의,0
쿠키프라페에 휘핑 들어가있나요?,재료문의,85
휘핑 빼주실 수 있나요?,특정재료첨삭요구,111
그러면 아메리카노 하나랑 쿠키프라페 휘핑빼고 하나주세요,일반주문,81
아이스로 주세요,일반주문,81
아메리카노 주세요,일반주문,81
차갑게 주세요,일반주문,81
허니브레드는 얼마에요?,가격문의,2
얼마나 걸려요?,제조시간문의,87
포장도 되나요?,테이크아웃문의,105
아이스 아메리카노 한 잔 가능한가요?,일반주문,81
헤이즐넛 시럽도 조금넣어 주실 수 있나요?,시럽설탕요구,52
그럼 사이즈업은 얼마 추가인가요?,옵션추가요구,69
포인트 적립해 주세요.,쿠폰멤버십적립문의,101
매장에서 테이크아웃잔 사용 가능한가요?,매장내에서일회용사용문의,25
카페라테 한 잔 주세요,일반주문,81
베이글도 하나 부탁드려요,일반주문,81
베이글 크림은 어떤 게 있나요?,메뉴문의,29
어니언 크림으로 부탁드릴게요,일반주문,81
아이스 아메리카노 한 잔 주세요,일반주문,81
네 여기 오천 원이요,결제요청,4
음료 사이즈 업 가능한가요?,사이즈요구,48
아이스 아메리카노 사이즈 업해주세요,일반주문,81
아이스 아메리카노에 샷이 몇 개 들어가죠?,메뉴문의,29
아이스 아메리카노에 샷 하나 더 추가할게요,에스프레소샷개수요구,63
아메리카노 한 잔 주세요,일반주문,81
음료 한 잔 더 추가되나요?,메뉴추가문의,30
바닐라라테도 하나 주세요,일반주문,81
카페라테 한 잔 주세요,일반주문,81
네 카페라테 디카페인 되나요?,메뉴문의,29
네 카페라테 디카페인으로 주세요,일반주문,81
카페라테 디카페인 맞나요?,메뉴문의,29
자몽에이드 한 잔 얼마에요?,가격문의,2
자몽에이드 사이즈업 되나요?,사이즈요구,48
생크림 케이크는 뭐가 제일 맛있어요?,메뉴추천요구,32
자몽에이드랑 과일 생크림 케이크 주세요,일반주문,81
포장 가능하죠?,테이크아웃문의,105
아이스 프라푸치노 주세요,일반주문,81
새벽에도 영업해요?,영업시간문의,67
아메리카노 한 잔 주세요,일반주문,81
네 화장실은 어디에요?,화장실위치문의,124
와이파이 비밀번호는 뭐예요?,와이파이문의,70
딸기 스무디 되나요?,주문가능여부문의,90
따뜻한 라테 한 잔 주세요,일반주문,81
이 쿠키도 함께 주세요,일반주문,81
시즌 메뉴 오늘도 가능한가요?,주문가능여부문의,90
프리퀀시 적립하고 있는데 시즌 메뉴도 하나만 적립되나요?,쿠폰멤버십적립문의,101
시즌 메뉴와 함께 구성되어 있는 세트 메뉴가 있나요?,메뉴문의,29
기프티콘도 세트메뉴에 사용 가능한가요?,기프티콘쿠폰멤버십사용문의,11
이 기프티콘으로 대체할 수 있는 시즌 메뉴는 무엇인가요?,기프티콘쿠폰멤버십메뉴변경문의,10
라테에 우유 대신 두유로도 변경 가능한가요?,우유변경,71
그럼 두유로 바꿔서 카페라테 두 잔 주세요,일반주문,81
커피 캐리어도 주실 수 있나요?,테이크아웃요구,106
저 따뜻한 아메리카노 한 잔하고 아이스 라테 한 잔 주세요,일반주문,81
이 치즈케이크도 한 조각 주세요,일반주문,81
네 몇 분 정도 걸릴까요?,제조시간문의,87
네 2층이 넓은가요?,시설문의,54
카페인이 들어있지 않은 음료 있나요?,메뉴문의,29
스무디 한 잔 주세요,일반주문,81
딸기스무디랑 키위스무디는 생과일인가요?,메뉴문의,29
그럼 딸기 스무디 하나 주세요,일반주문,81
아메리카노 한 잔이요,일반주문,81
네 휴지도 같이 주시겠어요?,냅킨물티슈요구,15
여기 포인트도 적립되나요?,쿠폰멤버십적립문의,101
디카페인 커피도 판매하나요?,메뉴문의,29
디카페인 아이스 아메리카노 한 잔 주세요,일반주문,81
치즈케이크도 한 조각 주세요,일반주문,81
영수증 챙겨주세요,영수증요청,66
커피음료 아닌 것 뭐가 있나요?,메뉴문의,29
주스 어떤 종류 있나요?,메뉴문의,29
딸기 주스로 주세요,일반주문,81
당근 케이크 같이 주세요,일반주문,81
카드 결제할게요,결제요청,4
플랫 화이트가 뭔가요?,메뉴문의,29
플랫 화이트 한 잔 주세요,일반주문,81
얼마인가요?,가격문의,2
치즈케이크 있나요?,주문가능여부문의,90
네 레드벨벳 케이크 주세요,일반주문,81
차 종류는 어떤 게 있나요?,메뉴문의,29
페퍼민트는 없나요?,메뉴문의,29
카페인이 적고 따뜻한 다른 음료 좀 추천해주세요,메뉴추천요구,32
밀크티는 티를 직접 우려서 나오는 건가요?,메뉴문의,29
따뜻한 밀크티 주세요,일반주문,81
아이스 아메리카노 한 잔 주문할게요,일반주문,81
음료 받으려면 얼마나 기다려야 하나요?,제조시간문의,87
치즈 케이크는 지금 없나요?,주문가능여부문의,90
티라미슈도 주세요,일반주문,81
앞접시도 주실 수 있으신가요?,식기류요구,56
아이스 아메리카노 한잔 얼마인가요?,가격문의,2
따뜻한 아메리카노 한 잔은 얼마인가요?,가격문의,2
그러면 따뜻한 아메리카노 한 잔과 아이스 아메리카노 한 잔 포장해 주세요,일반주문,81
매장 영업 몇 시까지 하나요?,영업시간문의,67
마감 다 하실 때까지 앉아있다 가면 안 되나요?,매장이용문의,26
아이스 아메리카노 두 잔 주세요,일반주문,81
아이스 아메리카노 한 잔에만 시럽 넣어주세요,시럽설탕요구,52
이 카드로 결제해주세요,결제요청,4
와이파이 되나요?,와이파이문의,70
화장실이 어디예요?,화장실위치문의,124
주문한 게 다 안 나왔어요,음식이주문과다른경우,77
커피 말고 다른 음료는 없나요?,메뉴문의,29
추운데 에어컨을 줄여주시겠어요?,냉방조절,17
아아에 샷 추가 부탁드려요,일반주문,81
네 결제는 삼성페이로 할게요,모바일페이결제,35
카페는 몇 시까지 하나요?,영업시간문의,67
아아에 얼음 많이 넣어주세요,얼음량요구,60
아메리카노 기프티콘 사용할 수 있나요?,기프티콘쿠폰멤버십사용문의,11
아메리카노 기프티콘 사용해주세요,기프티콘쿠폰멤버십결제요구,9
기계 바코드 인식이 잘 안되는데요,결제문의,3
네 기프티콘 여기 있어요,기프티콘쿠폰멤버십결제요구,9
오늘의 커피는 뭔가요?,메뉴문의,29
카페모카 주세요,일반주문,81
카드로 할게요,결제요청,4
빨대는 어디 있나요?,물품위치문의,39
샌드위치랑 카페라테 주세요,일반주문,81
네 샌드위치도 데워주실 수 있죠?,조리요구,88
물티슈도 챙겨 주세요,냅킨물티슈요구,15
단체 주문 가능한가요?,단체주문문의,21
아이스 아메리카노 30개 주세요,일반주문,81
라테 20개 주문할게요,일반주문,81
그럼 한 시간 후에 음료 찾으러 오면 될까요?,제조시간문의,87
포인트랑 쿠폰 적립해주세요,쿠폰멤버십적립문의,101
커피와 조각 케이크 세트로 판매하시나요?,메뉴문의,29
세트 종류가 어떤 게 있죠?,메뉴문의,29
아메리카노 티라미슈 세트 가격은 어떻게 되죠?,가격문의,2
아메리카노를 카페모카로 변경 가능한가요?,주문내용변경,91
그러면 아메리카노 티라미슈 세트에 카페모카로 변경해서 주문하겠습니다,일반주문,81
아이스 아메리카노 되나요?,주문가능여부문의,90
얼음량 조절 적게 되나요?,얼음량요구,60
베이글은 얼마인가요?,가격문의,2
머핀은 얼마에요?,가격문의,2
베이글과 머핀 전부 주세요,일반주문,81
지금 빙수 되나요?,주문가능여부문의,90
그럼 아메리카노랑 바닐라 라테 주세요,일반주문,81
기프트카드 포인트 결제되나요?,기프티콘쿠폰멤버십사용문의,11
혹시 기존 카드로 통합 시킬 수도 있나요?,기프티콘쿠폰멤버십사용문의,11
네 합쳐주시고 아이스 아메리카노 한잔 주세요,일반주문,81
먹고 갈 건데 혹시 일회용 컵에 담아주실 수 있을까요?,테이크아웃요구,106
마시다 나갈 거니 일회용 컵에 담아주실 수는 없을까요?,테이크아웃요구,106
아메리카노 하나 주세요,일반주문,81
초코 라테 한잔 주세요,일반주문,81
혹시 테이크 아웃 잔에 받을 수 있나요,테이크아웃요구,106
아메리카노 한 잔 주세요,일반주문,81
여기 카드로 결제해주세요,결제요청,4
아메리카노 두 잔이랑 치즈케이크 한 개 주세요,일반주문,81
아메리카노 하나는 샷 추가해주세요,에스프레소샷개수요구,63
쿠폰 찍어주세요,쿠폰멤버십적립문의,101
현금영수증도 해주시죠?,현금영수증요청,122
주문할게요,일반주문,81
티라미수 케이크도 주세요,일반주문,81
팥빙수 파나요?,주문가능여부문의,90
자몽차는 있나요?,주문가능여부문의,90
그럼 자몽차 한잔 주세요,일반주문,81
저번에 와서 먹은 미숫가루 라테가 오늘은 없네요?,주문가능여부문의,90
그럼 겨울 메뉴로는 뭐가 맛있나요?,메뉴추천요구,32
사이드 메뉴 중엔 맛있는 게 뭔가요?,메뉴추천요구,32
그럼 감귤 라테 2잔이랑 인절미 쏙쏙 붕어빵 2개 주세요,일반주문,81
네 결제는 카드로 할게요,결제요청,4
아메리카노 한잔 주세요,일반주문,81
초코머핀도 하나 추가해주세요,일반주문,81
얼마예요?,가격문의,2
아메리카노 한 잔이랑 바닐라 라테 한 잔 주세요,일반주문,81
여기 쿠폰이요,기프티콘쿠폰멤버십결제요구,9
녹차라테 1잔 주세요,일반주문,81
혹시 휘핑크림 추가되나요?,옵션추가요구,69
네 그럼 휘핑크림 추가해서 주세요,옵션추가요구,69
브레드 종류는 뭐가 있나요?,메뉴문의,29
생크림이 올라가는 건 어떤 건가요?,메뉴문의,29
갈릭 치즈 브레드에 생크림을 올려주실 수는 없나요?,옵션추가요구,69
아이스 바닐라 라테도 한 잔 주세요,일반주문,81
라테 한 잔에 얼마인가요?,가격문의,2
마카롱은 남아있나요?,주문가능여부문의,90
그러면 스콘 하나랑 라테 한 잔 주세요,일반주문,81
혹시 적립 쿠폰으로 커피 계산할 수 있나요?,기프티콘쿠폰멤버십사용문의,11
그러면 커피는 쿠폰으로 스콘은 카드로 계산해주세요,기프티콘쿠폰멤버십결제요구,9
아이스 아메리카노에 얼음 조금 덜 넣어주실 수 있나요?,얼음량요구,60
네 블루베리 스무디 1개 더 추가로 주세요,일반주문,81
여기 있습니다,기프티콘쿠폰멤버십결제요구,9
핫초코 파나요?,주문가능여부문의,90
핫초코 한잔 아메리카노 한잔하면 얼마인가요?,가격문의,2
사이즈업 되나요?,사이즈요구,48
핫초코 한 잔 아메리카노 사이즈업한 잔 하면 얼마인가요?,가격문의,2
레몬티도 파나요?,메뉴문의,29
제일 맛있는 케이크가 뭐예요,메뉴추천요구,32
한 조각에 얼마죠,가격문의,2
그거랑 아메리카노 주세요,일반주문,81
카드로 결제할게요,결제요청,4
저 아메리카노에 샷 추가해서 주세요,일반주문,81
저 카카오페이로 결제할게요,모바일페이결제,35
아 저 이 티라미수도 하나 주세요,일반주문,81
네 두 개 함께 가져다주세요,서빙요구,50
제가 커피를 못 마시는데 음료 좀 추천해주세요,메뉴추천요구,32
주스는 너무 달아서 싫은데 다른 건 없나요,메뉴추천요구,32
그건 달지 않나요?,메뉴문의,29
통신사 할인되죠?,할인문의,116
카드로 결제할게요,결제요청,4
디카페인 음료 주문 가능할까요?,주문가능여부문의,90
그럼 디카페인 라테 한잔해주세요,일반주문,81
멤버십으로 사이즈업해주세요,사이즈요구,48
매장에서 마시려는데 언제까지 영업하시나요?,영업시간문의,67
네 엘지 파이로 계산할게요,모바일페이결제,35
플렛 화이트 아이스도 있나요?,메뉴문의,29
머핀이나 케이크도 있나요?,메뉴문의,29
그럼 초코머핀 하나 주세요,일반주문,81
기프트콘 사용 가능하나요?,기프티콘쿠폰멤버십사용문의,11
바닐라라테 진하게 가능할까요?,메뉴문의,29
아이스인데 얼음 없이 줄 수 있으세요?,얼음량요구,60
쿠폰 10개 다 모았는데 사용 가능할까요?,기프티콘쿠폰멤버십결제요구,9
가격 차감으로는 안 되나요?,기프티콘쿠폰멤버십사용문의,11
조금만 앉아있다가 나갈 건데 일회용 컵에는 안될까요?,테이크아웃요구,106
카페라테 한잔 주세요,일반주문,81
현금으로 할게요,결제요청,4
아메리카노 한 잔 주세요,일반주문,81
이 쿠키는 뭐예요?,메뉴문의,29
이것도 하나 주시는데 얼마에요?,가격문의,2
네 여기 현금영수증도 해주세요,현금영수증요청,122
아이스 아메리카노 하나 따뜻한 자몽치 하나 주세요,일반주문,81
어떤 게 괜찮아요?,메뉴추천요구,32
많이 쓴가요?,메뉴문의,29
그러면 예가체프로 주세요,특정원두요구,110
테이크 아웃으로 해주세요,테이크아웃요구,106
아이스 말차 라테에 에스프레소 샷 하나 추가해서 주세요,일반주문,81
지금 말차 케이크는 품절인 거죠?,주문가능여부문의,90
그럼 말차 라테에 잘 어울리는 케이크 하나 추천해주시겠어요?,메뉴추천요구,32
그럼 추천해주신 치즈 케이크도 같이 주세요,일반주문,81
그린 티 프라푸치노 하나 주세요,일반주문,81
그리고 휘핑크림은 에스프레소 크림으로 올려주세요,옵션추가요구,69
스타벅스 카드로 계산할게요,결제요청,4
네 2만 원 충전해주세요,포인트충전,114
에스프레소 한 잔하고 카페모카 두 잔 주세요,일반주문,81
할인카드 있습니다,할인요청,117
할인율이 높군요,할인문의,116
핫초코에 우유를 더 많이 타서 연하게 만들어주실 수 있나요?,주문가능여부문의,90
얼마인가요?,가격문의,2
아이스로 변경할 경우 추가요금이 있나요?,가격문의,2
그냥 따뜻한 걸로 주시고 따뜻한 아메리카노도 한잔 더 주실 수 있나요?,일반주문,81
밀크티 한 잔 얼마에요?,가격문의,2
사이즈업 되나요?,사이즈요구,48
케이크는 뭐가 제일 맛있어요?,메뉴추천요구,32
초코 케이크 한 조각 주세요,일반주문,81
현금 영수증 해주세요,현금영수증요청,122
카페라테 가격은 얼마인가요?,가격문의,2
멤버십 있는데 포인트 쓸 수 있나요?,기프티콘쿠폰멤버십사용문의,11
포인트 사용하고 적립 동시에 가능한가요?,기프티콘쿠폰멤버십사용문의,11
포인트 사용 없이 적립만 할게요,쿠폰멤버십적립문의,101
멤버십 카드 드리고 현금으로 계산할게요,결제요청,4
아이스 아메리카노 주세요,일반주문,81
지금도 브런치 할인하나요?,할인문의,116
그럼 크로크무슈와 아이스 아메리카노로 할게요,일반주문,81
네 할인돼도 적립은 해주죠?,쿠폰멤버십적립문의,101
현금영수증도 할게요,현금영수증요청,122
민트 초코 프라푸치노 주세요,일반주문,81
민트 시럽도 코가 찡할 만큼 올려주세요,시럽설탕요구,52
적립도 해주세요,쿠폰멤버십적립문의,101
아이스 아메리카노 하나랑 녹차라테 주세요,일반주문,81
나갈 때 테이크아웃 컵으로 옮겨줄 수 있나요?,테이크아웃요구,106
아메리카노 두 잔 마키아토 한잔 주세요,일반주문,81
무료인가요,가격문의,2
추가해주세요,옵션추가요구,69
아메리카노 교환권이 있는데 다른 걸로 바꿀 수 있을까요?,기프티콘쿠폰멤버십메뉴변경문의,10
추가요금은 얼마인가요?,가격문의,2
이 카드로 해주세요,결제요청,4
아이스 아메리카노 1잔이랑 아이스 카페라테 1잔 얼마인가요?,가격문의,2
멤버십 할인되나요?,할인문의,116
기프티콘 있는데 쓸 수 있나요?,기프티콘쿠폰멤버십사용문의,11
여기에서 지하철 타려면 어느 역으로 가야 하나요?,주변시설,93
여기 주차되나요?,주차문의,95
쿠앤크 치노 하나요,일반주문,81
얼마나 기다려야 하나요?,제조시간문의,87
카페인 안 들은 음료는 뭐가 있을까요?,메뉴문의,29
피지와는 어떤 게 있어요?,메뉴문의,29
둘 중에 어떤 게 더 잘 나가요?,메뉴문의,29
자몽 피지와 주세요,일반주문,81
포인트 적립해주세요,쿠폰멤버십적립문의,101
티 종류도 아이스 가능한가요?,주문가능여부문의,90
그럼 캐머마일 아이스로 하나 주세요,일반주문,81
아 포인트 있으면 포인트 사용해주세요,기프티콘쿠폰멤버십결제요구,9
화이트 모카 한 잔 주세요,일반주문,81
아이스 아메리카노 하나랑 카페모카 하나 주세요,일반주문,81
아직 런치세트 할인되나요?,할인문의,116
치킨 파야냐 하나랑 아이스 아메리카노 하나 해서 주세요,일반주문,81
아메리카노 사이즈 업도 가능한가요?,사이즈요구,48
사이즈업해서 주세요,사이즈요구,48
삼성페이 되나요?,모바일페이결제,35
리저브는 처음인데요,메뉴문의,29
네 평소에 아메리카노를 주로 마시는데요,메뉴추천요구,32
어떤 맛인가요,메뉴문의,29
전 단것은 별로인데요,메뉴문의,29
그럼 커피와 어우러지는 케이크도 추천해 주세요,메뉴추천요구,32
카페라테 주세요,일반주문,81
커피는 텀블러에 담아주세요,텀블러사용,103
네 카드 여기요,결제요청,4
아메리카노 1잔 주세요,일반주문,81
바닐라라테를 두유로 바꿔서 만들어주세요,우유변경,71
2잔 주문하면 얼마죠?,가격문의,2
모카 라테 1잔 주세요,일반주문,81
치즈케이크 하나 추가해주세요,일반주문,81
아메리카노 두 잔 주문할게요,일반주문,81
치즈 케이크 하나같이 주문할게요,일반주문,81
저희 그냥 먹고 가겠습니다,주문내용변경,91
키오스크에서 현금 결제가 안 되네요,결제문의,3
아이스 아메리카노 한 잔이랑 스콘 하나 할게요,일반주문,81
도장 찍어주세요,쿠폰멤버십적립문의,101
여기 카페인 안 들어간 게 있나요?,메뉴문의,29
유자차 차갑게 주문 가능한가요?,주문가능여부문의,90
그럼 루이보스 차갑게 하나랑 유자차 하나 할게요,일반주문,81
네 여기 KT 더블할인되죠?,할인문의,116
네 여기 카드 있습니다,결제요청,4
고구마라테 아이스도 되나요?,메뉴문의,29
카페 와이파이 비밀번호 알 수 있을까요?,와이파이문의,70
쿠폰 몇 개를 모으면 무료로 아이스커피를 마실 수 있어요?,쿠폰멤버십적립문의,101
포인트 적립되나요?,쿠폰멤버십적립문의,101
카페 몇 시까지 해요?,영업시간문의,67
오픈이 몇 시인가요?,영업시간문의,67
캐러멜 프라푸치노주세요,일반주문,81
휘핑크림에 캐러멜 드리블이랑 통 잡아 칩 깔아주세요,옵션추가요구,69
포인트 적립할게요,쿠폰멤버십적립문의,101
아이스 아메리카노랑 밀크티 차가운 거랑 치즈케이크 하나 주세요,일반주문,81
티라미수는 있나요?,주문가능여부문의,90
그럼 그걸로 할게요,일반주문,81
네 현금영수증 해주세요,현금영수증요청,122
아메리카노 아이스로 하나요,일반주문,81
쿠키도 주세요,일반주문,81
아메리카노 하나요,일반주문,81
샷 추가해주세요,에스프레소샷개수요구,63
카드 결제할게요,결제요청,4
맨날 먹던 걸로 한잔 줘요,늘먹던음료요구,18
나 여기 매일 왔는데 나 몰라요?,단골손님임을주장,19
아메리카노 한잔 줘요,일반주문,81
이 날씨에 차가운 거 먹어요?,음료온도요구,75
얼마에요?,가격문의,2
아메리카노 2잔 주세요,일반주문,81
여기 쿠폰 도장 찍어주세요,쿠폰멤버십적립문의,101
그리고 미지근한 물도 1잔만 부탁드려요,뜨거운차가운물요구,23
아이스 아메리카노 두 잔이랑 말차 케이크 한 개 주세요,일반주문,81
얼마 안 있고 갈 건데 테이크 아웃 잔에 주시면 안 될까요?,테이크아웃요구,106
유리잔에 주세요,머그컵요구,27
아메리카노 샷 추가로 주세요,일반주문,81
네 여기 텀블러에 담아주세요,텀블러사용,103
시럽은 어디 있나요?,물품위치문의,39
크랜베리 스콘 두 개도 포장해주세요,일반주문,81
총 금액 알려주세요,가격문의,2
아이스 아메리카노랑 샌드위치 주세요,일반주문,81
그렇게 해주세요,일반주문,81
음료는 텀블러에 담아주세요,텀블러사용,103
위에 자리 있나요?,자리여부문의,84
아이스 바닐라라테 두 잔 주세요,일반주문,81
카드 여기 있습니다,결제요청,4
여기 처음 와서 그런데 시그니처 음료나 메뉴가 있나요?,메뉴추천요구,32
데이바이데이가 뭐예요?,메뉴문의,29
오늘 쓰시는 원두는 뭐죠?,메뉴문의,29
어떤 향이 나나요?,메뉴문의,29
그럼 그걸로 한잔 주시겠어요,일반주문,81
오늘의 커피는 무엇이죠?,메뉴문의,29
미지근하게 되나요?,음료온도요구,75
머그잔 할인 가능한가요?,할인문의,116
남은 자리는 있나요?,자리여부문의,84
쿠폰 찍어주세요,쿠폰멤버십적립문의,101
핫 아메리카노 두 잔 주세요,일반주문,81
치즈 케이크도 하나 주세요,일반주문,81
여기 멤버십 할인도 해주세요,할인요청,117
아메리카노 한 잔 주세요,일반주문,81
네 먹고 갈 건데 혹시 테이크아웃 잔에 주시면 안 될까요?,테이크아웃요구,106
그냥 머그컵에 주세요,머그컵요구,27
여기 카드 드릴게요,결제요청,4
오늘 영업 종료시간이 몇 시인가요?,영업시간문의,67
와이파이 되나요?,와이파이문의,70
라테 2잔이랑 치즈케이크 1조각 주세요,일반주문,81
아이스 아메리카노 주세요,일반주문,81
케이크는 어떤 게 있나요?,메뉴문의,29
아이스 아메리카노랑 블루베리 케이크 세트로 주세요,일반주문,81
테이크아웃 할게요,테이크아웃요구,106
녹차라테 한 잔에 얼마인가요?,가격문의,2
아이스 녹차라테로 가능한가요?,주문가능여부문의,90
마카롱은 종류가 몇 개인가요?,메뉴문의,29
아이스 녹차라테랑 마카롱 종류별로 주세요,일반주문,81
테이크아웃 해 갈게요,테이크아웃요구,106
모카 프 라프 치노 한잔 얼마에요?,가격문의,2
혹시 안에 자바칩 추가 가능한가요?,주문가능여부문의,90
삼성페이 결제되나요?,모바일페이결제,35
아메리카노 숏 사이즈 주세요,일반주문,81
엘지 VIP 할인받을게요,할인요청,117
포인트 적립카드 만들 수 있을까요?,쿠폰멤버십적립문의,101
적립해서 머그잔도 받을 수 있나요?,쿠폰멤버십적립문의,101
금액의 몇 프로 적립되나요?,쿠폰멤버십적립문의,101
조각 케이크 포장되나요?,테이크아웃문의,105
어떻게 포장되나요?,테이크아웃문의,105
진열된 케이크밖에 없나요?,메뉴문의,29
쿠키앤크림하고 초콜릿하고 스트로베리로 해서 포장해주세요,일반주문,81
아이스 라테 한잔 주세요,일반주문,81
이 기프티콘 사용되나요?,기프티콘쿠폰멤버십사용문의,11
얼마가 모자란데요?,가격문의,2
벤티 사이즈로 주세요,주문내용변경,91
바닐라 라테 한잔 주세요,일반주문,81
바닐라 시럽 절반만 넣어주세요,시럽설탕요구,52
커피는 테이크 아웃으로 부탁드려요,테이크아웃요구,106
카페 쿠폰 찍어주세요,쿠폰멤버십적립문의,101
아이스 아메리카노 얼마예요?,가격문의,2
학생 할인되나요?,할인문의,116
콘센트가 있는 자리도 있나요?,콘센트자리문의,100
케이크는 뭐가 맛있나요?,메뉴추천요구,32
현금영수증 되나요?,현금영수증문의,121
아이스 아메리카노 샷 추가 가능한가요?,메뉴문의,29
테이크아웃이랑 홀에서 먹는 거랑 가격이 다른가요?,가격문의,2
아이스 아메리카노 샷 추가해서 테이크아웃 할게요,테이크아웃요구,106
영수증은 버려주세요,영수증버리기,65
아이스 카페모카와 허니브레드 주세요,일반주문,81
아이스 캐러멜 마시야도 한 잔 얼마인가요?,가격문의,2
휘핑크림 추가되나요?,옵션추가요구,69
여기 디저트 종류는 어떤 게 인기인가요?,메뉴추천요구,32
치즈베이글도 같이 주세요,일반주문,81
네 결제는 카카오 파이로 해도 되나요?,모바일페이결제,35
카페모카 주문돼요?,주문가능여부문의,90
네 커피 맛 별로 안 나게 해주세요,일반주문,81
주차 할인되나요?,할인문의,116
냅킨은 어디 있어요?,물품위치문의,39
아메리카노 하나요,일반주문,81
주문받아 주실 수 있나요?,주문가능여부문의,90
아이스 아메리카노 얼음 빼고 가능한가요?,메뉴문의,29
얼음을 평상시보다 반만 넣어주실 수 있나요?,얼음량요구,60
얼음 반만 넣은 아메리카노 2잔 주시겠어요?,일반주문,81
캐리어에 담아서 가져갈게요,테이크아웃요구,106
아메리카노 한 잔이랑 초코 라테 한잔 주세요,일반주문,81
냅킨 조금 더 주세요,냅킵물티슈요구,16
새로 나온 메뉴가 어떤 거였죠?,신메뉴문의,58
지금 주문 가능한가요?,주문가능여부문의,90
그냥 아이스 아메리카노로 할게요,일반주문,81
포인트 적립은 번호로 입력해도 되나요?,쿠폰멤버십적립문의,101
이 기프티콘으로 다른 메뉴 변경 가능한가요?,기프티콘쿠폰멤버십메뉴변경문의,10
로즈 재스민 티 따뜻한 거 하나하고요 적립도 할게요,일반주문,81
현금영수증도 부탁드려요,현금영수증요청,122
아메리카노 한 잔 주세요,일반주문,81
혹시 아메리카노 조금만 연하게 타주실 수 있나요?,에스프레소샷개수요구,63
네 그리고 케이크 종류는 뭐가 있나요?,메뉴문의,29
치즈케이크도 하나 주세요,일반주문,81
아메리카노 하나 주세요,일반주문,81
케이크는 어떤 게 잘 나가나요,메뉴추천요구,32
치즈케이크랑 포크 2개 주실 수 있나요,일반주문,81
현금영수증 해주세요,현금영수증요청,122
혹시 테이크아웃 잔에 받을 수 있나요,테이크아웃요구,106
라테 한 잔이요,일반주문,81
적립해주세요,쿠폰멤버십적립문의,101
초코케이크도 주세요,일반주문,81
라테만 주세요,일반주문,81
카페모카 한 잔 주세요,일반주문,81
네 현금영수증 해주세요,현금영수증요청,122
주차는 가게 앞에도 해도 되나요?,주차문의,95
에스프레소는 얼마인가요?,가격문의,2
토마토주스 설탕 빼고 한 잔 주세요,일반주문,81
마감시간은 언제인가요?,영업시간문의,67
사장님은 어디 가셨나요?,기타문의,7
캐러멜 프라푸치노 겨울에도 되나요?,주문가능여부문의,90
자바칩 추가하면 얼마 더 내야 돼요?,가격문의,2
더블 샷도 추가 비용 있나요?,가격문의,2
치즈케이크는 어떤 종류가 있나요?,메뉴문의,29
그럼 캐러멜 프라푸치노 벤티 하나랑 블루베리 치즈케이크 하나 주세요,일반주문,81
에스프레소 한 잔 있어요?,일반주문,81
크기가 어떻게 있나요?,사이즈문의,47
양이 제일 많은 것으로 주세요,일반주문,81
그리고 차가운 것으로 주세요,일반주문,81
그러면 아이스 아메리카노 가장 큰 사이즈로 주세요,일반주문,81
아이스 아메리카노 샷 추가 가능한가요?,일반주문,81
샷 추가 말고 기본으로 주세요 샷 추가 안 하시겠대요,에스프레소샷개수요구,63
여기 커피 중 어떤 게 맛있나요?,메뉴추천요구,32
아이스 아메리카노 한잔 주세요 아 그리고 샷 하나 추가요,일반주문,81
치즈케이크 하나 얼마에요?,가격문의,2
그걸로 주세요,일반주문,81
캐러멜마키아토 하나 주실래요?,일반주문,81
카드 계산할게요,결제요청,4
카페에서 제일 많이 나가는 메뉴가 뭐예요?,메뉴추천요구,32
디저트 중에 제일 잘나가는 건 뭐예요?,메뉴추천요구,32
세트 메뉴 있나요?,메뉴문의,29
그럼 세트메뉴로 하나 주세요,일반주문,81
여기요 현금영수증 해주세요,현금영수증요청,122
미팅룸이 마련되어 있나요?,단체석문의,20
단체가 앉을 테이블은 있나요?,단체석문의,20
브런치류도 있나요?,메뉴문의,29
아메리카노도 여섯 잔 부탁드립니다,일반주문,81
지금 영업하시나요?,영업시간문의,67
아이스 아메리카노 하나 주세요,일반주문,81
영수증도 주세요,영수증요청,66
얼마나 걸리나요?,제조시간문의,87
커피 주세요?,일반주문,81
카드로 해 주세요,결제요청,4
라테는 어떤 종류가 있나요?,메뉴문의,29
바닐라 라테에는 뭐가 들어가나요?,메뉴문의,29
바닐라 라테는 얼마인가요?,가격문의,2
주문하면 얼마나 걸리나요?,제조시간문의,87
테이크아웃하면 할인되나요?,할인문의,116
커피 메뉴 말고는 없나요?,메뉴문의,29
제일 잘나가는 디저트는 어떤 건가요?,메뉴추천요구,32
그럼 초코 케이크랑 가장 잘 어울리는 음료는 어떤 건가요?,메뉴추천요구,32
그러면 얼 그레이 티 한 잔과 초코케이크 한 조각 주세요,일반주문,81
지금 초콜릿 프라푸치노 되나요?,주문가능여부문의,90
카페라테 한 잔이요,일반주문,81
핸드폰 번호로 부르겠습니다,핸드폰번호이용적립,118
메뉴판 보여주실 수 있나요?,메뉴판요구,34
아이스 라테 우유 말고 두유로 변경 가능한가요?,우유변경,71
변경하면 얼마죠?,가격문의,2
텀블러에 담아주세요,텀블러사용,103
쿠폰 찍어주세요,쿠폰멤버십적립문의,101
아메리카노 한 잔 주세요,일반주문,81
포인트 사용할 수 있나요?,기프티콘쿠폰멤버십사용문의,11
카드 포인트로 사용해주세요,기프티콘쿠폰멤버십결제요구,9
라테는 얼마에요?,가격문의,2
라테 두 잔 주세요,일반주문,81
현금 영수증 가능하죠?,현금영수증요청,122
매장에 사 마시고 가도 되죠?,매장이용문의,26
아이스 아메리카노 샷 몇 개 들어가나요?,메뉴문의,29
샷 추가 시 얼마인가요?,가격문의,2
아이스 아메리카노 샷 추가 하나랑 아이스 초코 라테 한 잔 주세요,일반주문,81
먹고 갈게요,매장이용문의,26
아이스 아메리카도 디카페인 가능한가요?,메뉴문의,29
잠시 앉아있다 바로 나갈 건데 테이크아웃으로 해주실 수 있나요?,테이크아웃문의,105
할인되는 카드도 있나요?,할인문의,116
충천을 하고 싶은데 가능한가요?,핸드폰충전요청,119
산미가 많이 들어간 커피는 뭐가 있을까요?,메뉴추천요구,32
혹시 배달되나요?,배달문의,40
많이 주문할 건데 괜찮을까요?,배달문의,40
그러면 5시에 가져갈 수 있도록 준비해주실 수는 있나요?,주문가능여부문의,90
그럼 이따 5시에 다시 오면 될까요?,테이크아웃문의,105
아이스 카페라테 한 잔이요,일반주문,81
텀블러에 담아 갈게요,텀블러사용,103
텀블러 이용 시 할인 얼마나 되죠,텀블러할인문의,104
카드로 계산할게요,결제요청,4
지금까지 적립금 알 수 있을까요,쿠폰멤버십적립문의,101
카푸치노 아이스로 되나요?,주문가능여부문의,90
어린이가 먹을 수 있는 음료 있나요?,메뉴추천요구,32
빵이나 샌드위치 메뉴가 있나요?,메뉴문의,29
흡연할 수 있는 공간이 있나요?,시설문의,54
카푸치노는 이 쿠폰으로 계산해도 되나요?,기프티콘쿠폰멤버십사용문의,11
아이스 아메리카노 레귤러 사이즈 얼마인가요?,가격문의,2
얼음은 갈아서 넣어주실 수 있나요?,제조방법,86
포인트카드 적립되나요?,쿠폰멤버십적립문의,101
카드로 계산할게요,결제요청,4
시럽은 어디에 있나요?,시럽설탕요구,52
아메리카노 한잔 주세요,일반주문,81
여기 이 쿠키는 단맛이 강한가요?,메뉴문의,29
그럼 초코 쿠키도 1봉지 부탁드려요,일반주문,81
여기 기프트 카드로 결제 부탁해요,기프티콘쿠폰멤버십결제요구,9
아메리카노 4000원 하나 주문하겠습니다,일반주문,81
사이즈는 라지로 부탁드리겠습니다,사이즈요구,48
그럼 계산 부탁드리겠습니다,결제요청,4
혹시 쿠폰 할인도 가능한가요?,기프티콘쿠폰멤버십사용문의,11
아이스 아메리카노 하나 주세요,일반주문,81
사이즈 종류 좀 말해주세요,사이즈문의,47
그란데로 부탁드려요,사이즈요구,48
얼마나 걸릴까요?,제조시간문의,87
주차 증도 주세요,주차권주차도장요구,94
스무디 종류 있나요?,메뉴문의,29
딸기맛은 얼마죠?,가격문의,2
그리고 휘핑해주세요,옵션추가요구,69
아 그리고 오늘 영업은 몇 시까지 하나요?,영업시간문의,67
지금 플랫 화이트 되나요?,주문가능여부문의,90
그러면 아메리카노는 되나요?,주문가능여부문의,90
원두는 브라질산인가요?,메뉴문의,29
조금 더 쓴맛이 나는 것은 없나요?,메뉴문의,29
그러면 아메리카노 라지 사이즈 하나 주세요,일반주문,81
아메리카노 하나 주세요,일반주문,81
생크림 케이크는 얼마인가요?,가격문의,2
음료가 언제 나오나요?,제조시간문의,87
쿠폰 몇 장 모아야 한잔 무료인가요?,쿠폰멤버십적립문의,101
몇 시부터 마감하시죠?,영업시간문의,67
콘센트가 있는 자리는 어디입니까?,콘센트자리문의,100
아이스 아메리카노 3잔에 얼마에요?,가격문의,2
주문 가능한가요?,주문가능여부문의,90
아메리카노 한 잔에 얼마죠?,가격문의,2
아이스도 똑같은가요?,가격문의,2
샷 추가 가능한가요?,에스프레소샷개수요구,63
아이스 아메리카노 한 잔에 샷 추가해주시고 현금영수증도 부탁드립니다,현금영수증요청,122
미숫가루 되나요?,주문가능여부문의,90
사이즈업하면 얼마죠?,가격문의,2
그럼 미숫가루 사이즈업 2잔 주문할게요,일반주문,81
치즈케이크 한 조각도 추가할게요,일반주문,81
자바칩 프라푸치노 주세요,일반주문,81
어떤 사이즈가 있나요?,사이즈문의,47
그란데 사이즈로 부탁드립니다,사이즈요구,48
음료는 언제 나오나요?,제조시간문의,87
기프티콘 사용은 어떻게 하면 되나요?,기프티콘쿠폰멤버십사용문의,11
그럼 아이스 아메리카노랑 치즈케이크 주세요,일반주문,81
추가요금 얼마나 내면 되나요?,가격문의,2
카드로 결제할게요,결제요청,4
쿠폰 적립되나요?,쿠폰멤버십적립문의,101
행사 중인 메뉴 있나요?,메뉴문의,29
아메리카노 아이스로 가능한가요?,주문내용변경,91
커피 대신 추가 금액 내면 다른 음료도 가능한가요?,주문내용변경,91
샌드위치 따뜻하게 가능한가요?,조리요구,88
카카오 파이로 결제 가능한가요?,모바일페이결제,35
여기 대표 메뉴가 무엇인가요?,메뉴추천요구,32
토피넛라떼에도 커피가 들어가나요?,메뉴문의,29
커피는 몇 샷 들어가나요?,메뉴문의,29
혹시 커피를 좀 연하게 타주실 수 있나요?,에스프레소샷개수요구,63
가격은 얼마인가요?,가격문의,2
아메리카노 한 잔 주세요,일반주문,81
네 대신 얼음 두 조각만 넣어주세요,얼음량요구,60
케이크는 뭐가 맛있나요?,메뉴추천요구,32
많이 달지 않나요?,메뉴문의,29
초코케이크도 같이 주세요,일반주문,81
아이스 아메리카노 한 잔 샷 추가해서 주세요,일반주문,81
카카오 파이로 결제할게요,모바일페이결제,35
혹시 찬물이 따로 있나요?,뜨거운차가운물요구,23
물이 다 떨어졌는데요?,뜨거운차가운물요구,23
얼음도 넣어주세요,얼음요구,61
주문해도 될까요?,주문가능여부문의,90
토피넛 라테 따뜻하게 하나요,일반주문,81
아메리카노 하나 주세요,일반주문,81
라지로 주세요,사이즈요구,48
4100원이면 맥스 사이즈로 주세요,사이즈요구,48
5000원 드릴게요 거슬러 주세요,결제요청,4
블랙 티 되나요?,주문가능여부문의,90
베이글도 하나 데워주세요,일반주문,81
바닐라 라테 주세요,일반주문,81
혹시 음료는 몇 분 뒤에 나오나요?,제조시간문의,87
아메리카노 한 잔 주시겠어요?,일반주문,81
톨 제일 작은 사이즈인가요?,사이즈문의,47
그란데 사이즈로 주세요,사이즈요구,48
네 개인 텀블러에 부탁드립니다,텀블러사용,103
주문 가능한가요?,주문가능여부문의,90
아인슈페너는 무엇인가요?,메뉴문의,29
아이스도 될까요?,주문가능여부문의,90
케이크도 함께 주문 가능한가요?,주문가능여부문의,90
초코 쇼콜라티에 블랙베리 무스 케이크는 뭔가요?,메뉴문의,29
자바칩 프라푸치노 한 잔 주시겠어요?,일반주문,81
kt 멤버십 있으면 사이즈업 가능한가요?,사이즈요구,48
휘핑 추가도 할게요,옵션추가요구,69
멤버십 적립도 같이 할게요,쿠폰멤버십적립문의,101
에스프레소 가능한가요?,주문가능여부문의,90
여기 원두는 어떤 걸 쓰나요?,메뉴문의,29
와이파이 사용 가능한가요?,와이파이문의,70
화장실이 어디죠?,화장실위치문의,124
그럼 에스프레소 한 잔 부탁드립니다,일반주문,81
원두 선택할 수 있나요?,메뉴문의,29
아이스 아메리카노 기본 몇 샷 들어가나요?,메뉴문의,29
아이스 아메리카노와 따뜻한 아메리카노 가격 차이 있나요?,가격문의,2
한 잔에 얼마인가요?,가격문의,2
8잔 지금 가능한가요?,주문가능여부문의,90
아이스 아메리카노 작은 걸로 하나 주세요,일반주문,81
아 쿠키도 하나 같이 계산해주세요,일반주문,81
네 얼마인가요?,가격문의,2
카드로 계산할게요,결제요청,4
카페라테 샷 추가되나요?,에스프레소샷개수요구,63
기본 투 샷인가요?,메뉴문의,29
카페라테 샷 추가해서 주세요,일반주문,81
그냥 결제해주세요,결제요청,4
아포가토 주문 가능한가요?,주문가능여부문의,90
그럼 아메리카노 하나 주세요,일반주문,81
통신사 카드 할인되나요?,할인문의,116
할인 부탁드립니다,할인요청,117
자리에서 기다리면 되나요?,제조시간문의,87
티 주세요,일반주문,81
허브티 어떤 게 있어요?,메뉴문의,29
캐머마일 주세요,일반주문,81
얼마에요?,가격문의,2
라테 한 잔 얼마에요?,가격문의,2
라테 한 잔에 샷이 몇 개 들어가나요?,메뉴문의,29
라테 위에 바닐라 아이스크림 올리면 얼마 추가되나요?,가격문의,2
케이크는 뭐가 제일 잘나가요?,메뉴추천요구,32
제 텀블러 사용하면 텀블러 할인되죠?,텀블러할인문의,104
아메리카노 주세요,일반주문,81
기본 2샷인가요?,메뉴문의,29
그럼 샷 추가해주세요,에스프레소샷개수요구,63
여기요,결제요청,4
아메리카노 하나요,일반주문,81
카드 여기요,결제요청,4
아이스 음료도 사이즈업 가능한가요?,사이즈요구,48
그럼 그냥 보통 사이즈 주시고 거기에 얼음 좀 많이 해서 주세요,얼음량요구,60
포인트 적립해주세요,쿠폰멤버십적립문의,101
아메리카노 한 잔 주세요,일반주문,81
샷 추가는 얼마인가요?,가격문의,2
그럼 샷 추가해주세요,에스프레소샷개수요구,63
바닐라 라테 주문 가능한가요?,주문가능여부문의,90
그럼 바닐라 라테랑 블루베리 크림 와플 하나 주세요,일반주문,81
네 현금영수증 해주세요,현금영수증요청,122
아메리카노 샷 추가해서 주세요,일반주문,81
얼마예요?,가격문의,2
카드 결제할게요,결제요청,4
쿠폰도 찍어주세요,쿠폰멤버십적립문의,101
아이스 아메리카노 두 잔 주세요,일반주문,81
할인되는 카드나 적립 카드 있나요?,할인문의,116
그럼 하나는 사이즈 업해주세요,사이즈요구,48
초코 라테 되나요?,주문가능여부문의,90
아이가 마실 거라 얼음은 반만 넣어 주세요,얼음량요구,60
저 화장실에 잠시 다녀올 테니 한쪽에 놔주세요,기타문의,7
오늘의 커피는 어떤 건가요?,메뉴문의,29
숏 되나요,주문가능여부문의,90
저기 있는 아이스크림은 뭐지요?,메뉴문의,29
일행이 있는데 2개 가져가도 되나요?,시식요청,55
아이스 아메리카노 한 잔 얼만가요?,가격문의,2
사이즈 업 가능한가요?,사이즈요구,48
얼음은 각 얼음이랑 갈린 얼음 중에 고를 수 있나요?,얼음요구,61
샷 추가도 추가 비용 발생하죠?,가격문의,2
네 현금영수증 해주세요,현금영수증요청,122
딸기 셔벗 되나요?,주문가능여부문의,90
그럼 주문 가능한 셔벗이 있을까요?,주문가능여부문의,90
그럼 팥빙수도 불가능한가요?,주문가능여부문의,90
빙수에 얼음은 조금만 넣어주실 수 있나요?,얼음량요구,60
얼음은 기존보다 조금만 적게 주시겠어요?,얼음량요구,60
아메리카노 하나요,일반주문,81
인기 있는 메뉴가 무엇인가요?,메뉴추천요구,32
그걸로 주시고 카드 가능하죠?,결제문의,3
통신사 멤버십 할인 가능한가요?,할인문의,116
그럼 멤버십 할인해주세요,할인요청,117
도장 쿠폰은 없어졌나요?,쿠폰멤버십적립문의,101
아메리카노 디카페인 있나요?,메뉴문의,29
가격은 얼마인가요?,가격문의,2
카카오페이 되나요?,모바일페이결제,35
그럼 그냥 현금으로 할게요,결제요청,4
아메리카노 한 잔 주세요,일반주문,81
음료에 시럽 빼주실 수 있나요?,시럽설탕요구,52
사이즈 업 가능한가요?,사이즈요구,48
음료에 이물질이 들어가 있어요,음식에이물질이있는경우,76
몇 시까지 영업하나요?,영업시간문의,67
인기 있는 메뉴가 뭔가요?,메뉴추천요구,32
단맛이 강한 편인가요?,메뉴문의,29
그럼 많이 달지 않게 부탁드릴게요,일반주문,81
혹시 카페 쿠폰 주시나요?,쿠폰멤버십적립문의,101
아이스 아메리카노 1잔 딸기 스무디 1잔 주세요,일반주문,81
그럼 아이스 아메리카노 2잔 주세요,일반주문,81
이 카페는 몇 시까지 영업하나요?,영업시간문의,67
그럼 아직 주문 가능한가요?,주문가능여부문의,90
그럼 아메리카노 한 잔하고 핫 샌드위치 한 개 주세요,일반주문,81
커피 먼저 받을 수 있을까요,기타문의,7
아이스 아메리카노 두 잔이랑 치즈케이크 할게요,일반주문,81
이 쿠폰 결제하려고 하는데 그러면 결제가 안 되나요?,기프티콘쿠폰멤버십사용문의,11
아무거나 다 되나요?,기프티콘쿠폰멤버십메뉴변경문의,10
더 싸면요?,기프티콘쿠폰멤버십메뉴변경문의,10
당근 케이크 할게요,일반주문,81
주문해도 될까요?,주문가능여부문의,90
디카페인 원두로 주문 가능할까요?,특정원두요구,110
카페라테 한잔 주세요,일반주문,81
어떤 사이즈가 있나요?,사이즈문의,47
라지 사이즈로 주세요,사이즈요구,48
치즈케이크 한 조각도 추가해 주세요,일반주문,81
현금 영수증 가능하죠?,현금영수증요청,122
카페모카 프라푸치노 있나요?,메뉴문의,29
그럼 아이스 카페모카 얼음 많이 넣어서 주세요,일반주문,81
베이글은 어떤 종류가 있나요?,메뉴문의,29
블루베리 베이글 데워 주실 수 있나요?,조리요구,88
음료는 나가서 마실 거라 플라스틱 용기에 주세요,테이크아웃요구,106
망고 주스 되나요?,주문가능여부문의,90
얼음은 빼 주세요,얼음량요구,60
가격이 얼마에요?,가격문의,2
카드 결제되나요?,결제요청,4
영수증 주세요,영수증요청,66
여기 혹시 아침세트 메뉴 있나요?,메뉴문의,29
그럼 지금 5세트 주문할게요,일반주문,81
빵 종류가 세트 말고도 있으면 같이 주세요,일반주문,81
네 다 포장해서 주세요,테이크아웃요구,106
아이스 모카 한잔 주세요,일반주문,81
애플파이 하나도 같이 포장해주세요,일반주문,81
포인트 적립해주세요,쿠폰멤버십적립문의,101
아메리카노 한잔 얼마인가요?,가격문의,2
아메리카노 한잔 주세요,일반주문,81
제휴카드로 할인 가능한가요,할인문의,116
네 그럼 할인 적용해주세요,할인요청,117
아이스 아메리카노 한 잔이요,일반주문,81
네 매장에서 마시고 갈게요,머그컵요구,27
카카오 파이로 계산할게요,모바일페이결제,35
그냥 버려주세요,영수증버리기,65
아메리카노 따뜻한 걸로 주세요,일반주문,81
샷 추가되나요?,에스프레소샷개수요구,63
화장실 비밀번호가 어떻게 돼요?,화장실비밀번호문의,123
따뜻한 물 한잔 주세요,뜨거운차가운물요구,23
돌체 라테 하나 주세요,일반주문,81
네 그리고 두유로 바꿔주세요,우유변경,71
겨울인데 빙수 주문 가능할까요?,주문가능여부문의,90
아 그럼 겨울에만 판매되는 메뉴는 있나요?,메뉴문의,29
그럼 과일청 차 2개만 추천 부탁드릴게요,메뉴추천요구,32
혹시 차류도 시원하게 되나요?,메뉴문의,29
그럼 영귤차 하나 자몽차 하나씩 테이크아웃할게요,일반주문,81
주문해도 되죠,주문가능여부문의,90
메뉴판에 있는 것 모두 주문 가능한가요?,주문가능여부문의,90
딸기 라테 주세요,일반주문,81
라지로 따뜻한 음료 가능한가요?,음료온도요구,75
그럼 그렇게 해주세요,일반주문,81
새로운 음료가 출시되었다고 들었는데요,신메뉴문의,58
다른 사람들의 평이 어떤가요?,신메뉴문의,58
아 그러면 새로운 메뉴로 2잔 부탁드려요,일반주문,81
혹시 음료 말고 다른 디저트 제공도 되나요?,메뉴추가문의,30
당근 케이크로 부탁드릴게요,일반주문,81
아메리카노 주문 가능한가요?,주문가능여부문의,90
뜨겁지 않게 해주실 수 있나요?,음료온도요구,75
여기 밀크티는 얼마에요?,가격문의,2
그럼 밀크티도 한잔 주세요,일반주문,81
현금영수증 해주세요,현금영수증요청,122
카페라테 가격이 얼마에요?,가격문의,2
아이스 캐러멜 마키아토는요?,가격문의,2
아이스 캐러멜 마키아토 하나 주세요,일반주문,81
메뉴판에 없는 것도 주문 가능할까요?,주문가능여부문의,90
그러면 캐러멜 라테 한 잔 주세요,일반주문,81
사이즈 별로 가격이 어떻게 되나요?,가격문의,2
그럼 라지 사이즈로 주세요,사이즈요구,48
혹시 메뉴판 주실 수 있나요?,메뉴판요구,34
혹시 커피 안 들어간 메뉴 있나요?,메뉴문의,29
그럼 녹차라테 하나 주세요,일반주문,81
당근 케이크 지금 남아있나요?,메뉴문의,29
아이스 카페라테 한 잔이랑 당근 케이크 하나 주세요,일반주문,81
포인트 적립 가능한가요?,쿠폰멤버십적립문의,101
삼성 파이로 결제 가능하죠?,모바일페이결제,35
당근 케이크는 따로 결제할 수 있나요?,분할결제,44
레귤러 사이즈 아메리카노와 베이글 하나 주세요,일반주문,81
어디서 온 커피가 있나요?,메뉴문의,29
그럼 콜롬비아 하나 주세요,특정원두요구,110
무엇을요?,메뉴문의,29
여기는 커피만 파나요?,메뉴문의,29
차 종류는 어떤 게 있나요?,메뉴문의,29
레몬티는 단 음료인가요?,메뉴문의,29
그럼 아이스로는 되나요?,음료온도요구,75
아이스 레몬 티로 세 잔 포장해주세요,일반주문,81
블루베리 치즈케이크 주세요,일반주문,81
아니요 현금영수증 해주세요,현금영수증요청,122
쿠폰도 찍어주세요,쿠폰멤버십적립문의,101
라테 아이스로 주세요,일반주문,81
케이크는 어떤 종류가 있나요?,메뉴문의,29
당근 케이크 얼마에요?,가격문의,2
커피랑 같이 주세요,일반주문,81
달콤한 커피는 어떤 종류가 있죠?,메뉴문의,29
캐러멜 마키아토로 주세요,일반주문,81
아이스 아메리카노 하나 주세요,일반주문,81
그러면 자몽 주스 하나로 부탁드릴게요,일반주문,81
클럽 샌드위치도 하나 주세요,일반주문,81
여기 카드요,결제요청,4
아이스 아메리카노 한 잔에 얼마인가요?,가격문의,2
블루베리 머핀은 얼마인가요?,가격문의,2
아이스 아메리카노랑 블루베리 머핀 주세요,일반주문,81
시럽은 어느 쪽에 있나요?,시럽설탕요구,52
머핀 데워주실 수 있으세요?,조리요구,88
텀블러 구입하려고 하는데 기프티콘으로도 결제가 가능한가요?,기프티콘쿠폰멤버십사용문의,11
아이스 카페모카 한 잔에 얼마예요?,가격문의,2
포인트 적립이 2배인 케이크는 어떤 건가요?,메뉴문의,29
기프티콘으로 결제하고 나머지 차액은 이 카드로 결제해주세요,기프티콘쿠폰멤버십결제요구,9
가지고 갈 거니까 커피랑 케이크는 포장해주세요,테이크아웃요구,106
아메리카노 있나요?,메뉴문의,29
머핀은 얼마인가요?,가격문의,2
세트 구성은 없나요?,메뉴문의,29
아이스 아메리카노랑 머핀 포장되나요?,테이크아웃문의,105
포장해주세요,테이크아웃요구,106
지금 주문 변경 가능한가요?,주문내용변경,91
아이스 아메리카노에서 따뜻한 아메리카노로 바꿔주실 수 있나요?,주문내용변경,91
혹시 테이크아웃 말고 머그잔으로 바꿔주실 수 있나요?,머그컵요구,27
사이즈 변경도 가능한가요?,사이즈요구,48
제일 큰 사이즈로 바꿔주세요,사이즈요구,48
카페모카 한잔 주세요,일반주문,81
조각 케이크도 있나요?,메뉴문의,29
생크림 케이크 한 조각도 같이 주세요,일반주문,81
조각 케이크 포장되나요?,테이크아웃문의,105
그럼 판 케이크 구매 후 조각 케이크로 포장도 가능한가요?,테이크아웃문의,105
네 괜찮습니다 스트로베리 판케잌 6조각으로 해서 개별 포장 부탁드립니다,테이크아웃요구,106
포장되었나요?,테이크아웃문의,105
얼마인가요,가격문의,2
카페라테 우유 종류변경 가능한가요?,우유변경,71
선택 가능한 우유 종류는 어떻게 되나요?,우유변경,71
변경 시 추가 비용은 발생하지 않나요,가격문의,2
두유로 아이스 카페라테 한잔 부탁드립니다,일반주문,81
콜드브루 라테 되나요?,주문가능여부문의,90
휘핑크림 올려주실 수 있나요?,옵션추가요구,69
혹시 컵 두개로 나눠서 담아주실 수 있나요?,일회용컵요구,82
휘핑크림은 추가 금액 붙나요?,가격문의,2
사이즈는 뭐 있나요?,사이즈문의,47
차 요 앞에 대 놔둬 되죠?,주차문의,95
아이스 아메리카노 하나 주시겠어요?,일반주문,81
사이즈 제일 작은 게 뭐죠?,사이즈문의,47
그걸로 주시고 결제는 현금으로 해주시고 현금영수증 되죠?,현금영수증요청,122
어디에 눌러야 되죠?,현금영수증요청,122
캐러멜 프라푸치노 얼마예요?,가격문의,2
샌드위치는 뭐가 제일 맛있나요?,메뉴추천요구,32
튜너 샌드위치도 2개 주세요,일반주문,81
마카롱 네 개 포함해서 같이 주세요,일반주문,81
이 카드로 계산하고 영수증 주세요,영수증요청,66
아이스 아메리카노 주세요,일반주문,81
아니요 사이즈 업 부탁드려요,사이즈요구,48
통신사 할인받을게요,할인요청,117
치즈 조각 케이크 있나요?,메뉴문의,29
얼마인가요?,가격문의,2
아이스 아메리카노 가격이 얼마인가요?,가격문의,2
샷 추가하려면 얼마를 내야 하나요?,가격문의,2
그럼 아이스 아메리카노 샷 추가해서 주세요,일반주문,81
캐러멜마키아토 한 잔이랑 에스프레소 한 잔이요,일반주문,81
현금 계산이요,결제요청,4
지금 커피 주문 가능한가요?,주문가능여부문의,90
아메리카노 한 잔이요,일반주문,81
샷 하나 추가에 얼마에요?,가격문의,2
투 샷으로 해주세요,에스프레소샷개수요구,63
아이스 아메리카노 한 잔이요,일반주문,81
샷은 몇 개 들어가나요?,메뉴문의,29
톨 사이즈는 샷이 몇 개 들어가나요?,메뉴문의,29
그럼 톨로 주세요,사이즈요구,48
아메리카노 한 잔 얼마에요?,가격문의,2
사이즈업 되나요?,사이즈요구,48
케이크는 뭐가 제일 맛있나요?,메뉴추천요구,32
당근 케이크 한 조각 주세요,일반주문,81
현금 영수증 해주세요,현금영수증요청,122
아이스 라테 하나 주세요,일반주문,81
음료 단체 주문 가능한가요?,단체주문문의,21
아이스 아메리카노 30잔 해주세요,일반주문,81
CJ one 포인트 번호로 적립할게요,쿠폰멤버십적립문의,101
혹시 포인트 얼마나 남았나요?,쿠폰멤버십적립문의,101
아이스 라테 한 잔이,일반주문,81
케이크 뭐가 잘 나가나요?,메뉴추천요구,32
치즈케이크도 주세요,일반주문,81
프리쿠폰 사용 가능한가요?,기프티콘쿠폰멤버십사용문의,11
프리쿠폰으로 어떤 음료를 주문할 수 있어요?,기프티콘쿠폰멤버십사용문의,11
사이즈는 어떤 걸로 주시는 거예요?,사이즈문의,47
라지 사이즈는 추가 금액이 있나요?,가격문의,2
그럼 따뜻한 라테 라지로 한 잔이요,일반주문,81
바닐라 라테 얼마예요?,가격문의,2
우유 종류 선택 가능한가요?,우유변경,71
거품 적게 주실 수 있을까요?,메뉴문의,29
휘핑 추가해주세요,옵션추가요구,69
캐리어에 담아주세요,테이크아웃요구,106
아이스 아메리카노 하나 주세요,일반주문,81
샷은 몇 개 들어가나요?,메뉴문의,29
하나만 넣어주세요,에스프레소샷개수요구,63
현금되죠?,결제요청,4
아메리카노 두 잔 주세요,일반주문,81
네 그리고 치즈케이크 한 조각 주세요,일반주문,81
화장실은 어디죠?,화장실위치문의,124
화장지는 안에 있죠?,화장실휴지비치문의,126
녹차라테 있나요?,메뉴문의,29
네 아이스로 하나 주세요,일반주문,81
삼성페이 되죠?,모바일페이결제,35
카페라테 얼마에요?,가격문의,2
바닐라 시럽 추가되나요?,시럽설탕요구,52
샌드위치랑 음료 세트도 있나요?,메뉴문의,29
그럼 샌드위치랑 카페라테 주세요,일반주문,81
딸기 스무디 한 잔 주세요,일반주문,81
그럼 녹차 프라푸치노는 되나요?,주문가능여부문의,90
초코케이크 포장되나요?,테이크아웃문의,105
그럼 초코케이크랑 치즈 케이크 포장해주세요,일반주문,81
아메리카노 한 잔에 얼마인가요?,가격문의,2
이 음료는 새로 나온 음료인가요?,신메뉴문의,58
녹차라테는 얼마인가요?,가격문의,2
휘핑크림이 올라가나요?,메뉴문의,29
그럼 아이스 한 잔으로 테이크아웃 해주시겠어요?,일반주문,81
주문할게요,주문가능여부문의,90
아메리카노 레귤러 사이즈 하나랑요 티라미수 하나요,일반주문,81
주차했는데 주차 증 발급은 어떻게 받나요?,주차권주차도장요구,94
일회용 컵에 주세요,테이크아웃요구,106
카페라테 한 잔 주세요,일반주문,81
네 기프티콘 되나요?,기프티콘쿠폰멤버십사용문의,11
현금영수증 되나요,현금영수증요청,122
아메리카노 한 잔은 얼마인가요?,가격문의,2
아메리카노 언제 나오나요?,제조시간문의,87
화장실은 어디 있나요?,화장실위치문의,124
오렌지 주스는 있나요?,메뉴문의,29
아메리카노에 샷 추가해주세요,에스프레소샷개수요구,63
아이스 바닐라 라테 얼마에요?,가격문의,2
얼마나 기다려야 하나요?,제조시간문의,87
먹고 갈 테니 머그잔에 주세요,머그컵요구,27
카드 결제할게요,결제요청,4
포인트 적립해주세요,쿠폰멤버십적립문의,101
아메리카노 한 잔 주세요,일반주문,81
얼마 추가되죠?,가격문의,2
시원한 걸로 해주세요,음료온도요구,75
지금 딸기 스무디 2잔 주문 가능한가요?,주문가능여부문의,90
1잔도 안 되나요?,주문가능여부문의,90
그럼 딸기 에이드는 가능한가요?,주문가능여부문의,90
스무디 종류 중에선 지금 어떤 것 주문되나요?,주문가능여부문의,90
그러면 딸기 에이드 1잔이랑 블루베리 스무디 1잔 주세요,일반주문,81
휘핑크림이 올라가는 커피가 뭐가 있죠?,메뉴문의,29
그럼 카페모카로 한 잔 휘핑크림 가득 올려주시고 혹시 커피에 샷 추가되나요?,에스프레소샷개수요구,63
그러면 샷 추가 부탁드리고 앞에 진열된 쿠키는 얼마예요?,가격문의,2
쿠키도 같이 하나 부탁드릴게요,일반주문,81
네 그리고 제로 페이 가능한가요?,모바일페이결제,35
저 아메리카노 아직 안 나오나요?,제조시간문의,87
얼마나 더 기다려야 합니까?,제조시간문의,87
그럼 옥수수빵이랑 카푸치노 한 잔 구매할게요,일반주문,81
만원 현금 되나요?,결제요청,4
그럼 혹시 3천 원짜리 텀블러 있나요?,MD제품문의,1
아메리카노 한 잔 주세요,일반주문,81
일회용 컵으로 주시는 건가요?,테이크아웃문의,105
그럼 머그컵에 주세요,머그컵요구,27
설탕은 어디에 있나요?,시럽설탕요구,52
캐러멜마키아토 하나하고 컵케이크 한 조각 주세요,일반주문,81
KT 멤버십 할인되나요?,할인문의,116
카드하고 멤버십 카드입니다,할인요청,117
아이스 아메리카노 한 잔 주세요,일반주문,81
혹시 샷 추가 가능한가요?,에스프레소샷개수요구,63
샷 추가는 얼마인가요?,가격문의,2
왜 무료예요?,가격문의,2
샷 추가 무료 제공은 언제까지 해요?,기타문의,7
커피 주문했는데 생각보다 오래 걸리네요,제조시간문의,87
많이 바빠 보이시네요 왜 그렇게 바쁘시죠?,기타문의,7
그러면 제 커피는 언제 나오는지 알 수 있을까요?,제조시간문의,87
저 말고도 대기인원 있나요?,기타문의,7
그렇게까지 기다릴 수가 없어서 주문취소할게요 주문취소 가능한가요?,주문취소,92
카페인이 들어가지 않은 음료는 무엇이 있나요?,메뉴문의,29
캐머마일 따뜻한 건 얼마인가요?,가격문의,2
오미자 스파클링 음료는 얼마인가요?,가격문의,2
오미자 스파클링 음료는 주문하면 얼마나 걸릴까요?,제조시간문의,87
테이크아웃 하지 않고 먹고 가려면 어떻게 해야 하나요?,매장이용문의,26
아이스 아메리카노 한 잔 주세요,일반주문,81
라지 사이즈는 얼마에요?,가격문의,2
카드로 결제할게요,결제요청,4
그린 티 프라푸치노 한잔 주세요,일반주문,81
혹시 자바칩도 추가 가능한가요?,옵션추가요구,69
자바칩 프라푸치노 얼마에요?,가격문의,2
사이즈업하면 얼마에요?,가격문의,2
치즈 케이크 있나요?,메뉴문의,29
그럼 케이크도 한 조각 주세요,일반주문,81
네 계산해주세요,결제요청,4
창가 쪽 자리 있나요?,자리여부문의,84
아메리카노 따듯한 걸로 두 잔 주세요,일반주문,81
오실 때 얼음 넣은 물 한 컵 부탁드려요,뜨거운차가운물요구,23
시럽이나 설탕 있나요,시럽설탕요구,52
아메리카노 리필되나요,리필문의,24
초코 바나나 스무디 되나요?,주문가능여부문의,90
얼마인가요?,가격문의,2
초코 바나나 스무디 하나 주세요,일반주문,81
여기 아메리카노 기프티콘 사용 가능한가요?,기프티콘쿠폰멤버십사용문의,11
아메리카노 한잔하고 치즈 케이크 하나 주시겠어요?,일반주문,81
그러면 케이크 뭐 남았나요?,메뉴문의,29
티라미슈 케이크로 주세요,일반주문,81
케이크는 카드로 결제 부탁드릴게요,결제요청,4
음료 사이즈는 뭐 뭐 있나요?,사이즈문의,47
그럼 아이스 아메리카노 라지 사이즈 샷 추가해주세요,일반주문,81
마시고 갈게요,머그컵요구,27
마시다가 나가야 하면 어떻게 하나요?,테이크아웃문의,105
와이파이 비밀번호는 어디에 있어요?,와이파이문의,70
커피 원두 종류가 어떻게 되나요?,메뉴문의,29
우유 종류도 고를 수 있을까요?,메뉴문의,29
그럼 아메리카노 주세요,일반주문,81
아이스 아메리카노 바로 되나요?,주문가능여부문의,90
얼음은 갈아서 주세요,제조방법,86
쿠폰도 찍어주세요,쿠폰멤버십적립문의,101
빨대는 안 주셔도 돼요,빨대,45
아이스 아메리카노 한잔 얼마예요?,가격문의,2
샷 추가되나요?,에스프레소샷개수요구,63
요즘 제일 잘나가는 케이크는 뭐예요?,메뉴추천요구,32
그럼 치즈케이크 하나 주세요,일반주문,81
포인트 적립되나요?,쿠폰멤버십적립문의,101
아이스 카페모카 하나 주세요,일반주문,81
바닐라라테 있나요?,메뉴문의,29
그럼 비슷한 맛의 커피가 있나요?,메뉴추천요구,32
가격은 얼마인가요?,가격문의,2
아이스 딜라이트 라테로 한 잔 주세요,일반주문,81
현금으로 계산 가능한가요?,결제요청,4
아이스 아메리카노 한 잔 주세요,일반주문,81
리필 가능한가요?,리필문의,24
제 텀블러에 담아주세요,텀블러사용,103
영수증은 버려주세요,영수증버리기,65
우유를 두유로 변경 가능한가요?,우유변경,71
카페라테에 두유로 변경해서 주세요,우유변경,71
현금영수증 해주세요,현금영수증요청,122
이 매장에서 블랙 슈거 버블티를 파나요?,메뉴문의,29
그럼 아이스초코에 샷 추가되나요?,에스프레소샷개수요구,63
포인트 있는데 포인트로 결제되나요?,기프티콘쿠폰멤버십사용문의,11
포인트로 결제한 것도 적립이 되나요?,쿠폰멤버십적립문의,101
준비되면 이 번호로 문자를 주실 수 있나요?,기타문의,7
디카페인 커피 있나요?,메뉴문의,29
그럼 라테를 디카페인으로 해주세요,일반주문,81
티라미슈 한 조각엔 얼마예요?,가격문의,2
티라미슈도 하나같이 주세요,일반주문,81
아이스크림 주문 가능한가요?,주문가능여부문의,90
디카페인 커피 주문 가능한가요?,주문가능여부문의,90
카페모카 위에 휘핑크림 빼고 주세요,일반주문,81
조각 케이크 말고 홀 케이크도 있나요?,메뉴문의,29
커피는 텀블러에 담아주세요,텀블러사용,103
커피 테이크아웃 가능할까요?,테이크아웃문의,105
혹시 디카페인도 있나요?,메뉴문의,29
아메리카노 2잔 카페라테 2잔 디카페인으로 테이크아웃해주세요,일반주문,81
네 티슈도 넉넉하게 챙겨주세요,냅킨물티슈요구,15
주문해도 될까요?,주문가능여부문의,90
초코 라테 1개 아메리카노 5잔이요,일반주문,81
아니요 계산은 현금으로 할게요,결제요청,4
포장인데 앉아있어도 되죠?,매장이용문의,26
카페라테 하나 주세요,일반주문,81
이 모바일 쿠폰 사용 가능한가요?,기프티콘쿠폰멤버십사용문의,11
안 되면 카드 결제로 할게요,결제요청,4
현금영수증도 해주세요,현금영수증요청,122
아메리카노 얼마에요?,가격문의,2
포인트 적립 가능해요?,쿠폰멤버십적립문의,101
할인되는 카드 있나요?,할인문의,116
아가 먹을 음료도 있나요?,메뉴추천요구,32
포장 가능하죠?,테이크아웃문의,105
여기 쿠폰 사용 가능한가요?,기프티콘쿠폰멤버십사용문의,11
이게 아메리카노 무료 쿠폰인데 다른 음료로 변경되나요?,기프티콘쿠폰멤버십메뉴변경문의,10
그러면 슈크림 라테로 주세요,일반주문,81
쿠폰은 여기 있습니다,기프티콘쿠폰멤버실결제요구,8
여기 몇 시까지 영업하나요?,영업시간문의,67
아이스 카페모카 하나 주세요,일반주문,81
아이스는 더 비싼가요?,가격문의,2
아이스 카페라테 한 잔에 얼마인가요?,가격문의,2
샷 추가하는데 추가 가격이 있나요?,가격문의,2
시럽 추가 혹시 가능한가요?,시럽설탕요구,52
바닐라 시럽 추가되나요?,시럽설탕요구,52
바닐라 라테 아이스로 한 잔 주세요,일반주문,81
아메리카노 한 잔 주세요,일반주문,81
여기요,결제요청,4
아이스 아메리카노 한잔 주세요,일반주문,81
어떤 종류 사이즈가 있나요?,사이즈문의,47
라지로 주세요,사이즈요구,48
카드 결제할게요,결제요청,4
지금 주문 가능한가요?,주문가능여부문의,90
디카페인 콜드브루 있나요?,메뉴문의,29
다른 디카페인 메뉴 좀  추천해주세요,메뉴추천요구,32
그럼 카페라테 디카페인으로 한 잔 주세요,일반주문,81
카카오페이 가능하죠?,모바일페이결제,35
아이스 아메리카노 2잔에 얼마인가요?,가격문의,2
초코케이크는요?,가격문의,2
그러면 아이스 아메리카노 2잔과 초코케이크 1개 네이버 파이로 결제 가능한가요?,모바일페이결제,35
네 그러면 결제해주세요,모바일페이결제,35
돌체 라테 한 잔에 얼마에요?,가격문의,2
디카페인으로 가능한가요?,메뉴문의,29
그럼 아이스로 한잔 주세요,음료온도요구,75
제 텀블러에 담아주시면 할인되죠?,텀블러할인문의,104
네 제 텀블러에 담아주시고 결제하고 현금영수증 처리할게요,현금영수증요청,122
주문할게요,주문가능여부문의,90
아이스 아메카노 한잔 주세요~,일반주문,81
베이글도 하나 주세요,일반주문,81
빨리 부탁드려요,메뉴가나오는것을재촉하는상황,28
아이스 아메리카노 2잔 주세요,일반주문,81
혹시 삼성 파이로 결제 가능해요?,모바일페이결제,35
그럼 이걸로 결제해 주세요,모바일페이결제,35
아 혹시 포인트 적립돼요?,쿠폰멤버십적립문의,101
얼마나 쌓였어요?,쿠폰멤버십적립문의,101
옆 가게에서 국수 안 먹으면 할인 안되죠?,할인문의,116
케이크 같은 것도 있어요?,메뉴문의,29
저 음료는 커피 들어있나요?,메뉴문의,29
이건 보리찰떡인가요?,메뉴문의,29
보리찰떡 하나 하고 아메리카노 한 잔 주세요,일반주문,81
시나몬 조금 뿌려주세요,옵션추가요구,69
남은 거 좀 싸줄 수 있어요?,테이크아웃문의,105
네 작은 컵에 담아주세요,테이크아웃요구,106
빵은 여기서 만든 거에요?,메뉴문의,29
초코라떼 있어요?,주문가능여부문의,90
쌀라떼는 뭐에요?,메뉴문의,29
곡물라떼 사진은 어디있어요?,메뉴판요구,34
곡물라떼 따뜻해요?,메뉴문의,29
곡물라떼 얼만데요?,가격문의,2
티바나는 뭐에요?,메뉴문의,29
메뉴판 두 번째 메뉴는?,메뉴문의,29
블루베리 머핀하고 플래시 구콘 주세요,일반주문,81
네 따뜻하게 해주실 수 있나요?,음료온도요구,75
카드는 기계에 꽂는게 맞나요?,결제문의,3
쉬는 날이 없어요?,휴일문의,127
주말에는 자리가 없죠?,자리여부문의,84
원두를 좀 많이 태우나요?,메뉴문의,29
모든 메뉴를 강하게 로스팅해요?,메뉴문의,29
행사 같은 건 안 하나요?,기타문의,7
회원카드는 얼마에 사용 가능한가요?,쿠폰멤버십적립문의,101
회원카드는 충전해서 사용하는거에요?,쿠폰멤버십적립문의,101
회원비는 있나요?,쿠폰멤버십적립문의,101
회원카드를 많이 쓰면 혜택이 있나요?,쿠폰멤버십적립문의,101
테이크아웃 해주세요,테이크아웃요구,106
커피 종류 테이크아웃하면 더 싸요?,가격문의,2
카라멜 마끼아또는 뭐에요?,메뉴문의,29
카라멜 소스를 위에 올려주나요?,메뉴문의,29
카라멜 마끼아또 엄청 달겠네요?,메뉴문의,29
핑크 솔트 비엔나는 소금이 들어갔다는 거에요?,메뉴문의,29
핑크 솔트비엔나에 우유도 들어가요?,메뉴문의,29
카라멜 마끼아또 포장 해주실래요?,테이크아웃문의,105
카라멜 마끼아또 따듯하게 해도 되나요?,음료온도요구,75
스몰사이즈로 우유가 안 들어간게 아메리치노인가요?,메뉴문의,29
아메리치노가 무슨 말이에요?,메뉴문의,29
스몰보다 더 작은 사이즈는 없나요?,사이즈문의,47
유자차 따뜻하게 스몰사이즈로 마시고 갈게요,일반주문,81
할인이랑 적립은 어떤 카드가 되죠?,할인문의,116
통신사 할인은 안되나봐요?,할인문의,116
그냥 결제해주세요,결제요청,4
사장님 여기 찬물 조금만 떠주세요,뜨거운차가운물요구,23
판매용 더치커피는 없어요?,더치커피티백판매문의,22
카페 용품은 이게 다에요?,MD제품문의,1
몇 시까지 해요?,영업시간문의,67
샤케라또가 뭐에요?,메뉴문의,29
샤케라또는 아이스네요?,메뉴문의,29
아포가토는?,메뉴문의,29
아메리카노 주세요,일반주문,81
마시던거 싸주실 수 있어요?,테이크아웃문의,105
형광커피가 뭐예요?,메뉴문의,29
형광커피는 아이스네요?,메뉴문의,29
칵테일도 있어요?,메뉴문의,29
로스팅은 얼마나 해요?,메뉴문의,29
적립도 되나보네요?,쿠폰멤버십적립문의,101
여기 체인점이에요?,계열사문의,5
아메리카노 주세요,일반주문,81
네 테이크아웃으로 주세요,테이크아웃요구,106
영수증 주세요,영수증요청,66
헤이즐넛도 시럽이에요?,메뉴문의,29
음료에 카라멜 시럽을 넣기도 해요?,메뉴문의,29
카라멜 시럽 넣어주실 수 있어요?,시럽설탕요구,52
테이크아웃은 더 싼가요?,가격문의,2
아메리카노 뜨거운 걸로 하나 주세요,일반주문,81
더치커피도 있어요?,더치커피티백판매문의,22
텀블러 가져오면 할인해주시나요?,텀블러할인문의,104
카카오페이도 돼요?,모바일페이결제,35
삼성페이는 되고요?,모바일페이결제,35
그냥 결제해주세요,결제요청,4
여기 샷이 몇 개에요?,메뉴문의,29
네 테이크아웃으로 해주세요,테이크아웃요구,106
저는 한 샷 반 정도가 좋은 거 같아요,에스프레소샷개수요구,63
이게 몇 미리죠?,사이즈문의,47
카페 생긴 지 얼마나 됐나요?,시설문의,54
원두는 로스팅 된 거 사 오시나요?,메뉴문의,29
신세계 포인트 사용이 되어있는데 신세계랑 관련이 있어요?,계열사문의,5
아메리카노 제일 작은 사이즈가 뭐에요?,사이즈문의,47
아이스 아메리카노 숏사이즈로 돼요?,사이즈문의,47
톨 사이즈로 아이스 아메리카노 하나 주세요,일반주문,81
오늘의 커피는 뭐에요?,메뉴문의,29
라떼 작은 거 하나 주세요,일반주문,81
여기 샌드위치 있나요?,메뉴문의,29
샌드위치 데워주기도 하나요?,조리요구,88
신세계 상품권으로도 결제 되나요?,결제요청,4
일반영수증 하나 주세요,영수증요청,66
라떼에 시럽 한 번만 넣어주세요,시럽설탕요구,52
자리는 아무 데나 앉으면 돼요?,자리여부문의,84
허니 바게트빵 이거는 뭐에요?,메뉴문의,29
데워 주는 거죠?,조리요구,88
카푸치노 와플도 있는데 이건 커피 맛이 나나 봐요?,메뉴문의,29
밖에 프라이팬은 뭐예요?,메뉴문의,29
새로운 게 먹고 싶은데 카모마일은 차 종류 맞나요?,메뉴문의,29
아이스 아메리카노 한 잔 주세요 ,일반주문,81
카페 비엔나는 달아요?,메뉴문의,29
따뜻한 아메리카노 위에 휘핑이 올라가요?,메뉴문의,29
카페 비엔나 한 잔 주세요,일반주문,81
쿠키슈는 안에 뭐가 들어있는 거예요?,메뉴문의,29
밀크티 라떼 따뜻한 음료라고 했죠?,메뉴문의,29
밀크티 라떼랑 카페라떼랑 뭐가 달라요?,메뉴문의,29
사진에 있는 게 밀크티 라떼죠?,메뉴문의,29
영수증 주시면 안 될까요?,영수증요청,66
햄 치즈 크로와상 데워 주실 수 있나요?,조리요구,88
아니요 여기서 먹으려고 하는데요,매장이용문의,26
아이스 아메리카노 사이즈업 해주실 수 있나요?,사이즈요구,48
혹시 여기 주차했는데 뭐 되나요?,주차문의,95
여기 물은 어디 있어요?,물품위치문의,39
혹시 여기 작은 컵 있나요?,컵요구,99
물티슈랑 냅킨 두 개 줄 수 있어요?,냅킨물티슈요구,15
음료 리필은 돼요?,리필문의,24
나중에 오면 리필 할 수 있나요?,리필문의,24
주문은 카운터에서 하면 돼요?,주문가능여부문의,90
제가 해피머니에서 요기요 아이스 아메리카노 선물 받았는데 사용가능한가요?,기프티콘쿠폰멤버십사용문의,11
네 결제해 주세요,결제요청,4
아뇨 사이즈업은 천이백원을 더 내야하나요?,사이즈요구,48
커피 꿀복숭아 망고는 뭐예요?,메뉴문의,29
카페라떼 따뜻한 거 작은 사이즈로 주세요,일반주문,81
적립은 번호 찍을게요,쿠폰멤버십적립문의,101
니트로커피가 뭐예요?,메뉴문의,29
와플은 하는데 시간이 좀 걸려요?,제조시간문의,87
번에 치즈가 들었어요?,메뉴문의,29
번은 따뜻하게 데워주는 거죠?,조리요구,88
오리지널이 천구백원 맞죠?,가격문의,2
커피 가루인데 카페라떼로 되어있는 거 있나요?,더치커피티백판매문의,22
텀블러 같은 거 팔아요?,MD제품문의,1
커피 남은거 종이컵에 담아가도 되죠?,테이크아웃문의,105
메뉴판 어디 있어요?,메뉴판문의,33
딸기라떼에는 뭐가 들어있어요?,메뉴문의,29
콜드브루 아인슈페너는 뭔데요?,메뉴문의,29
시원한 음료 종류는 어디 있어요?,메뉴문의,29
아이스티도 시원하죠?,메뉴문의,29
아이스티 한 잔만 주세요,일반주문,81
주차장은 가게 맞은편 맞나요?,주차문의,95
카카오페이 결제 돼요?,모바일페이결제,35
나중에 친구들하고 모임 할 예정인데 애완견 데리고 와도 돼요?,애완견출입문의,59
콜드브루 파는 거에요?,메뉴문의,29
물에 타 먹으면 되는 거죠?,메뉴문의,29
고소한 원두 한 병 주세요,일반주문,81
샷 한 번만 넣으면 되나요?,메뉴문의,29
내가 라떼를 좋아하는데 어떤 원두가 괜찮을까요?,원두인스턴트커피로스팅문의,73
아무래도 향이 더 진할 텐데 잘 어울릴까요?,원두인스턴트커피로스팅문의,73
로얄 밀크티는 뭐에요?,메뉴문의,29
커피가 들어간 거에요?,메뉴문의,29
베리민트는요?,메뉴문의,29
맛은 똑같은 거에요?,메뉴문의,29
아트라떼는 솔티치즈랑 다르게 커피가 들어가는 건가요?,메뉴문의,29
솔티치즈 카페라떼 하나만 주세요,일반주문,81
주차 잠깐 해도 돼요?,주차문의,95
그럼 세울 데는 없어요?,주차문의,95
주차 단속은 안하려나?,주차문의,95
많이 안 달죠?,메뉴문의,29
커피 말고는 뭐 있어요?,메뉴문의,29
어떤 게 잘 나가요?,메뉴추천요구,32
망고는 뭐에요?,메뉴문의,29
블루베리 주스 잘 나가요?,메뉴문의,29
블루베리 주스 한 잔 주세요,일반주문,81
영수증 하나만 주세요,영수증요청,66
곡물 라떼는 뭐 들어가요?,메뉴문의,29
블루베리 주스에는 시럽 들어가요?,메뉴문의,29
시럽 조금만 넣어주세요,시럽설탕요구,52
사장님 냉동 블루베리에 시럽만 넣었죠?,메뉴문의,29
오늘은 몇 시까지 해요?,영업시간문의,67
돌체라떼인가 연유 들어가는거 있어요?,메뉴문의,29
연유 말고 또 뭐 들어가요?,메뉴문의,29
아메리카노 하나 따뜻한 걸로 주세요,일반주문,81
아메리카노 많이 뜨거워요?,메뉴문의,29
주차는 가게 앞에 하면 돼요?,주차문의,95
은색 텀블러 얼마에요?,가격문의,2
사장님 커피 메뉴판 어딨어요?,메뉴판문의,33
사장님 허니 브래드는 직접 만드신거에요?,메뉴문의,29
수제와플이랑 토스트랑 케이크 중에 어떤 게 잘 나가요?,메뉴추천요구,32
수제와플 하나 주세요,일반주문,81
네 사장님 차는 어디 세우고 들어오면 돼요?,주차문의,95
사장님 더치커피는 이 큰병에 만삼천 원이에요?,가격문의,2
핸드드립이랑 콜드브루는 뭐가 달라요?,메뉴문의,29
핸드드립커피 주세요,일반주문,81
비 따뜻한거 한잔이랑 콜드브루로 주세요,일반주문,81
콜드브루는 따뜻한 거에요?,메뉴문의,29
여기 톰과 제리 치즈 모양 생긴게 치즈 케이크인가요?,메뉴문의,29
여기는 주차는 어디다 해요?,주차문의,95
여기 생긴 지 얼마나 됐어요?,시설문의,54
금방 만든 거 있어요?,메뉴문의,29
고로케 얼마씩 해요?,가격문의,2
고로케 안에 뭐가 들었어요?,메뉴문의,29
팥 도너츠도 이천 원이에요?,가격문의,2
단팥 도너츠 하나하고 고로케 하나 주세요,일반주문,81
베이커리하고 카페하고 같이 하시죠?,시설문의,54
그 빵은 뭐에요?,메뉴문의,29
그 빵은 얼마에요?,가격문의,2
이 빵은 뭐에요?,메뉴문의,29
이빵은 얼마에요?,가격문의,2
우리 고로케 한 개 더 주세요,일반주문,81
영수증 하나만 주세요,영수증요청,66
젤라또 통에다 넣어주세요,테이크아웃요구,106
네 어떤 맛이 잘 나가나요?,메뉴추천요구,32
그렇게 네 가지 넣어주세요,일반주문,81
예 영수증 좀 주세요,영수증요청,66
여기는 주차 할 데는 없죠?,주차문의,95
머랭쿠키도 직접 만드신 거에요?,메뉴문의,29
저건 삼천오백 원 맞죠?,가격문의,2
케이크 종류 파시는데 커피도 파시는 건가요?,메뉴문의,29
몰디브라떼는 뭐에요?,메뉴문의,29
여기 오늘의 커피라고 있다고 하던데 그건 뭐에요?,메뉴문의,29
일반 아메리카노랑 같은 거에요?,메뉴문의,29
제조용법이 다른 거에요?,메뉴문의,29
사이즈는 어떻게 돼요?,사이즈문의,47
가격은요?,가격문의,2
삼천팔백 원짜리 드립커피 하나 주세요,일반주문,81
네 이층에도 자리가 있나요?,자리여부문의,84
여기 물은 따로 없나요?,뜨거운차가운물요구,23
네 시럽은 따로 주나요?,시럽설탕요구,52
여기 커피 말고는 음료수 뭐 있어요?,메뉴문의,29
안 차가운건 없어요?,메뉴문의,29
초콜렛 같은 건 없나요?,메뉴문의,29
더블 모카가 초코라떼에요?,메뉴문의,29
커피는 안들어가죠?,메뉴문의,29
사이즈가?,사이즈문의,47
작은 거 하나 주세요,일반주문,81
아뇨 가지고 갈게요,테이크아웃요구,106
네 여기는 할인되거나 이런 카드 없죠?,할인문의,116
혹시 쿠폰은 있어요?,쿠폰멤버십적립문의,101
사용 금액의 몇 퍼센트 적립돼요?,쿠폰멤버십적립문의,101
영수증 좀 주세요,영수증요청,66
여기 오전에는 몇 시에 문 열어요?,영업시간문의,67
초코음료는 뭐 어떤 거 있어요?,메뉴문의,29
스무디는 얼음 넣어서 갈은 거죠?,메뉴문의,29
핫초코 하나만 주세요,일반주문,81
생크림은 빼고 우유만 넣어주세요,일반주문,81
여기는 할인은 따로 없어요?,할인문의,116
에스케이 할인은 안돼요?,할인문의,116
영수증 좀 주세요,영수증요청,66
여기 화장실은 어딨어요?,화장실위치문의,124
화장실 문 잠겼던데?,화장실위치문의,124
이층은 어디로 올라가요?,시설문의,54
배달도 하나요?,배달문의,40
뭐가 맛있어요?,메뉴추천요구,32
생자몽 티 따뜻하게 한 잔 주세요,일반주문,81
아뇨 여기 적립도 해요?,쿠폰멤버십적립문의,101
할인도 하나요?,할인문의,116
적립할 때 여러 명이 오면 어떻게 하나요?,쿠폰멤버십적립문의,101
자몽 티 덜 달게 되나요?,메뉴문의,29
자몽 청은 여기서 만드신거에요?,메뉴문의,29
아까 영수증 안 주셨어요,영수증요청,66
따뜻한 거는 더 싼 가봐요,가격문의,2
배달 시킬 수 있게 명함 한 장 주실 수 있나요?,배달문의,40
커피 들어가는 음료 중에 덜 단 게 있나요?,메뉴문의,29
카페 라떼로 주세요,일반주문,81
작은 걸로 주세요,사이즈요구,48
예 테이크아웃 하면 더 저렴해요?,가격문의,2
적립용 카드 하나 만들어 주세요,쿠폰멤버십적립문의,101
여기는 스타벅스처럼 럭키백 행사는 안하나요?,기타문의,7
뚜껑 안 닫아 주셔도 돼요,기타문의,7
아메리카노 주세요,일반주문,81
테이크아웃은 더 싼가요?,가격문의,2
테이크아웃으로 해주세요,테이크아웃요구,106
시럽은 빼주세요,옵션추가요구,69
마시고 갈게요,머그컵요구,27
예 영수증도 하나주세요,영수증요청,66
네 여기는 네일도 같이 하나요?,시설문의,54
커피랑 네일은 별도로 운영하시는 건가요?,시설문의,54
청을 직접 만들어 갖고 파나봐요,메뉴문의,29
사장님 커피에 얼음 세 개만 넣어주세요,얼음요구,61
사장님 이런 잔은 얼마에요?,가격문의,2
제가 지금 먹는 잔 맞죠?,MD제품문의,1
이거 아이스 팬은 밀크하고 블랙하고 어떻게 달라요?,메뉴문의,29
커피가 들어갔나요?,메뉴문의,29
라떼 종류 중에 안 단 건 어떤 게 잘 나가요?,메뉴추천요구,32
애플 시나몬이 신메뉴인가요?,신메뉴문의,58
더치 커피하고 더치 라떼가 있네요?,메뉴문의,29
더치 라떼 따뜻한거 하나 줘요,일반주문,81
이 카드로 해주세요,결제요청,4
네 영수증도 하나 주세요,영수증요청,66
시럽은 약간만 넣었나요?,시럽설탕요구,52
미숫가루 라떼 종류가 되게 많네요?,메뉴문의,29
생강 차는 생강 분말 들어가요?,메뉴문의,29
생강 수삼주스는 뭐에요?,메뉴문의,29
수삼주스는 얼마에요?,가격문의,2
그러면 아메리카노 따뜻한 거 한 잔 주세요,일반주문,81
예 마시고 갈거에요,머그컵요구,27
예 이건 수제쿠키에요?,메뉴문의,29
이거 햄치즈는 얼마에요?,가격문의,2
너무 뜨거워서 그런데 여기 얼음 세 개만 넣어주세요,얼음요구,61
로얄 밀크티는 뭐에요?,메뉴문의,29
커피가 들어갔나요?,메뉴문의,29
얼그레이는 홍차고 베리민트는 뭐에요?,메뉴문의,29
맛은 똑같은가요?,메뉴문의,29
솔티치즈 카페라떼 하나 줘요,일반주문,81
네 여기 뒤에 차 잠깐 세워도 돼요?,주차문의,95
차는 어디에 세워요?,주차문의,95
여기 주차 단속은 안하나요?,주차문의,95
커피 말고는 뭐 있어요?,메뉴문의,29
여기는 어떤 게 잘 나가요?,메뉴추천요구,32
망고는 뭐에요?,메뉴문의,29
블루베리도 잘 나가요?,메뉴문의,29
블루베리는 냉동 블루베리인가요?,메뉴문의,29
블루베리 주스 한 잔 주세요,일반주문,81
영수증 좀 주세요,영수증요청,66
사장님 저 곡물 라떼는 뭐 들어가요?,메뉴문의,29
블루베리 주스에는 시럽 들어가요?,메뉴문의,29
시럽 적당히 넣어주세요,시럽설탕요구,52
냉동 블루베리에 시럽만 넣었나요?,메뉴문의,29
오늘은 몇 시까지 해요?,영업시간문의,67
카페라떼 많이 달아요?,메뉴문의,29
캬라멜 마끼아또는 달아요?,메뉴문의,29
카라멜 마끼아또도 시럽 빼면 괜찮을까요? ,메뉴문의,29
케이크 종류도 있어요?,메뉴문의,29
티라미수는 어떤 거에요?,메뉴문의,29
티라미수는 많이 단가요?,메뉴문의,29
생강 에이드도 많이 달아요?,메뉴문의,29
에이드가 차가운거죠?,메뉴문의,29
주차장은 없나봐요?,주차문의,95
카페라떼는 설탕 빼주세요,시럽설탕요구,52
오늘의 커피는 뭐에요?,메뉴문의,29
아메리카노하고 별 차이가 없어요?,메뉴문의,29
오늘의 커피 연한 것도 가능해요?,메뉴문의,29
오늘의 커피랑 아이스 아메리카노 주세요,일반주문,81
작은 거 두 잔이 어느 정도에요?,사이즈문의,47
제일 위에가 작은 거에요?,사이즈문의,47
작은 걸로 하고 충전도 할게요,포인트충전,114
아뇨 충전만 5만원 해주세요,포인트충전,114
먹다 남으면 포장 되나요?,테이크아웃문의,105
영수증 주세요,영수증요청,66
제일 작은 사이즈에요?,사이즈문의,47
빨대 주시고 물 한 컵 떠갈 수 있나요?,뜨거운차가운물요구,23
차이티 라떼는 단 맛 조절이 가능해요?,메뉴문의,29
시럽이 조금만 들어가도 많이 달아요?,메뉴문의,29
차이티 라떼 시키면 얼음물 주나요?,얼음요구,61
이천햅쌀라떼가 뭐죠?,메뉴문의,29
커피가 안 들어가는 거죠?,메뉴문의,29
현금으로 결제를 하더라도 스타벅스 어플에 이력이 남나요?,쿠폰멤버십적립문의,101
카페 라떼하고 카페 모카하고 뭐가 달라요?,메뉴문의,29
카페라떼 하나 주세요,일반주문,81
텀블러 갖고 왔는데 할인 되나요?,텀블러할인문의,104
텀블러에 담으려면 사이즈는 어떤 거 해야 돼요?,사이즈문의,47
톨사이즈가 제일 작은 건가요?,사이즈문의,47
톨사이즈로 주세요,사이즈요구,48
샷은 한 개 들어가겠네요?,메뉴문의,29
우유 양을 조금 더 많게 할 수 있나요?,물우유량요구,37
카드에 잔액이 남아 있나요?,기프티콘쿠폰멤버십사용문의,11
충전해주세요,포인트충전,114
아뇨 설탕은 내가 따로 넣어야 돼요?,시럽설탕요구,52
초콜릿 크림슈는 무슨 맛이에요?,메뉴문의,29
잘 나가는 케이크가 어떤거죠?,메뉴추천요구,32
뉴욕 치즈케이크 하나 주세요,일반주문,81
할인되는 카드 있어요?,할인문의,116
씨제이 원카드라는건 뭐에요?,쿠폰멤버십적립문의,101
하나는 씨제이 원카드고 하나는 씨제이 계열 할인되는 국민 신용카드인데 두 개 다 사용 가능한가요?,쿠폰멤버십적립문의,101
여긴 주차장이 따로 없죠?,주차문의,95
포크 두 개 넣으셨나요?,일회용포크나이프요구,83
화이트 초콜릿 모카랑 카페 모카랑 뭐가 달라요?,메뉴문의,29
소스가 더 끈적하다는 건가요?,메뉴문의,29
카페 라떼 하나 주세요,일반주문,81
제일 작은 사이즈가 뭐죠?,사이즈문의,47
톨사이즈로 주세요,사이즈요구,48
아뇨 테이크아웃할게요,테이크아웃요구,106
스타벅스 카드가 집에 많은데 별 적립한 걸 한 카드로 모을 수 있나요?,쿠폰멤버십적립문의,101
진열 된 건 모형이죠?,메뉴문의,29
커피 음료 말고는 어떤게 있어요?,메뉴문의,29
자색 고구마는 어떤 맛이에요?,메뉴문의,29
초콜릿 라떼 하나 주세요,일반주문,81
아니요 일단 테이크아웃으로 주세요,테이크아웃요구,106
할인되거나 적립되는 카드 없죠?,쿠폰멤버십적립문의,101
몇 퍼센트 되죠?,쿠폰멤버십적립문의,101
주차는 어디다 하나요?,주차문의,95
티멤버십 이 어플로 하면 되나요?,쿠폰멤버십적립문의,101
지금까지 실물카드 계속 썼는데 왜 안되죠?,카드결제(카드오류상황),97
영수증 좀 주세요,영수증요청,66
커피음료 말고는 어떤 게 있어요?,메뉴문의,29
플랫치노에 적힌 초콜릿칩은 뭐에요?,메뉴문의,29
따뜻한 음료 중에 초콜렛은 없어요?,메뉴문의,29
네 한 잔 주세요,일반주문,81
일단 종이컵에 테이크아웃 해주세요 ,테이크아웃요구,106
요거트는 플레인하고 딸기밖에 안돼요?,주문가능여부,89
그러면 플레인 요거트 하나 주시고 프라페는 뭐예요?,메뉴문의,29
애들은 어떤 프라페를 좋아하나요?,메뉴추천요구,32
플레인 요거트 하나랑 쿠키프라페 주세요,일반주문,81
네 전에 받은 쿠폰도 있어요,쿠폰멤버십적립문의,101
쿠폰 10개 모으면 음료 종류 상관없이 한 잔 무료예요?,기프티콘쿠폰멤버십사용문의,11
음료 안 쏟아지게 잘 포장해주세요,테이크아웃요구,106
이 음료에는 생딸기가 들어가요?,메뉴문의,29
에스프레소는 뜨거운 물 따로 주나요?,메뉴문의,29
라떼 중에서는 카페라떼가 제일 덜 달죠?,메뉴문의,29
카페라떼 하나 주세요,일반주문,81
네 2층에도 자리 있죠?,자리여부문의,84
크림치즈 마카롱 한 개에 천 원인가요?,가격문의,2
쿠앤크마카롱이랑 딸기마카롱도 하나씩 주세요,일반주문,81
네 아이스 아메리카노도 하나 주세요,일반주문,81
초코 마카롱이랑 요거트 마카롱도 하나씩 더 주세요,일반주문,81
네 승차권 있으면 10프로 할인되나요?,할인문의,116
영수증 하나 주세요,영수증요청,66
종이컵이랑 빨대 하나만 더 주면 안돼요?,컵요구,99
커피 메뉴는 어디 있어요?,메뉴문의,29
테이크아웃은 할인돼요?,할인문의,116
커피에 샷은 한 개 들어가나요?,메뉴문의,29
커피인데 달콤하게 먹을 수 있는게 있나요?,메뉴추천요구,32
바닐라라테에 바닐라가 들어간건가요?,메뉴문의,29
커피콘은 밀가루에 커피를 넣은 건가요?,메뉴문의,29
커피콘 12개에 1500원짜리 테이크아웃이요,테이크아웃요구,106
자스민차 있나요?,주문가능여부,89
차 종류는 어디있나요?,메뉴문의,29
아메리카노에 찬물을 조금 넣어주세요,뜨거운차가운물요구,23
아뇨 테이크아웃 해주시고 10프로 할인해주시는거 맞나요?,할인문의,116
영수증도 좀 주실래요?,영수증요청,66
아메리카노에 찬물 넣으셨어요?,뜨거운차가운물요구,23
사장님 아메리카노가 뜨거워서 그러는데 얼음 몇 개 넣어주실 수 있어요?,얼음요구,61
테이크아웃하면 할인되나요?,할인문의,116
빵도 여기서 만드는 거예요?,메뉴문의,29
더치커피도 있어요?,메뉴문의,29
아메리카노 한 잔 주세요,일반주문,81
더치커피는 작은 것도 팔아요?,주문가능여부,89
더치커피 얼마인데요?,가격문의,2
근처에 해룡이라는 중국집 있어요?,주변시설,93
빵 시식 한 번 해봐도 돼요?,시식요청,55
커피 하나 주세요,일반주문,81
아메리카노 따뜻한거 하나 주세요,일반주문,81
전화번호만 말씀해드리면 돼요?,쿠폰멤버십적립문의,101
네 포인트 적립됐어요?,쿠폰멤버십적립문의,101
커피에 샷이 몇 개 들어가요?,메뉴문의,29
커피가 너무 뜨거운데 얼음 세 개만 넣어주세요,얼음요구,61
2층도 있어요?,시설문의,54
빵 시식할 수 있는 거 있어요?,시식요청,55
빨대는 어디 있나요?,물품위치문의,39
밀크 캬라멜은 얼마예요?,가격문의,2
혹시 빵 배달도 해주시나요?,배달문의,40
명함 하나 가져가도 되죠?,기타문의,7
본점도 있어요?,계열사문의,5
모과차 테이크아웃 되나요?,테이크아웃문의,105
혹시 모과차 두 잔으로 나눠줄 수 있어요?,옵션추가요구,69
모과차 한 잔하고 아메리카노 뜨거운 걸로 하나 주세요,일반주문,81
영수증 주세요,영수증요청,66
음료 뜨겁지 않게 찬물 조금만 넣어주세요,뜨거운차가운물요구,23
일요일에는 영업을 안하세요?,영업시간문의,67
쉬는 날은 없어요?,휴일문의,127
여기 더치커피 팔아요?,주문가능여부,89
아메리카노에 샷이 한 개에요?,메뉴문의,29
조금만 마시고 가도 되죠?,매장이용문의,26
커피가 1리터예요?,메뉴문의,29
커피 가격이 1000원이에요?,가격문의,2
아메리카노 한 잔 주세요,일반주문,81
테이크아웃 해주시고 스탬프 적립돼요?,쿠폰멤버십적립문의,101
커피에 얼음 두 개만 넣어주실 수 있어요?,얼음요구,61
여기 생긴지 얼마나 됐어요?,시설문의,54
커피에 샷 한 개 들어간 거예요?,메뉴문의,29
사과는 얼마예요?,가격문의,2
영수증 주세요,영수증요청,66
메뉴판은 어디있어요?,메뉴판요구,34
커피 중에 우유는 안들어가는데 달콤한게 있나요?,메뉴추천요구,32
카페모카에는 뭐가 들어갔죠?,메뉴문의,29
카페모카 위에 올라가 있는 건 우유 거품인가요?,메뉴문의,29
카페모카에 휘핑크림 올려주세요,일반주문,81
아뇨 테이크아웃 해주시고 우유는 조금만 넣어주세요,테이크아웃요구,106
네 카페모카에 커피는 안들어가요?,메뉴문의,29
영수증 주세요,영수증요청,66
휘핑크림은 뭘로 만드나요?,메뉴문의,29
플랫화이트가 뭐예요?,메뉴문의,29
여기 체인점이에요?,계열사문의,5
생긴지 얼마나 됐어요?,시설문의,54
포인트 적립도 하나요?,쿠폰멤버십적립문의,101
따뜻한 아메리카노 작은 걸로 주세요,일반주문,81
더치커피도 판매 하나요?,메뉴문의,29
영수증 주세요,영수증요청,66
원두는 갈아서 파시나요?,메뉴문의,29
컵 홀더 있나요?,테이크아웃요구,106
아메리카노에 샷이 두 개인가요?,메뉴문의,29
얼음 두 개만 넣어주세요,얼음요구,61
케냐 에티오피아가 뭐예요?,메뉴문의,29
더치 아메리카노는 아이스만 되죠?,메뉴문의,29
솔티드캬라멜라떼는 뭐예요?,메뉴문의,29
구수한 맛이 혹시 들어있나요?,메뉴문의,29
더치라떼로 하나 주세요,일반주문,81
잠시만 여기 앉아서 마시다가 들고나가도 상관은 없죠?,매장이용문의,26
테이크아웃컵을 실내에서는 사용 못하게 되어 있어요?,테이크아웃문의,105
시럽은 어디있어요?,물품위치문의,39
소금커피가 뭐예요?,메뉴문의,29
단 맛은 안나는건가요?,메뉴문의,29
메이플라떼는 뭐예요?,메뉴문의,29
소금커피 한 번 먹어볼게요,일반주문,81
네 생긴지 얼마 안됐나봐요?,시설문의,54
리필도 해주나요?,리필문의,24
마카롱은 3개에 6900원인가요?,가격문의,2
대만샌드위치는 여기서 만든 거예요?,메뉴문의,29
영수증 받아야 하는데 깜빡했네요,영수증요청,66
아메리카노 시원하게 하나 주세요,일반주문,81
더블에스프레소는 양이 두 배라는 말이에요?,메뉴문의,29
십구곡라떼는 뭐예요?,메뉴문의,29
죄송한데 물 한 컵만 주세요,뜨거운차가운물요구,23
컵은 어디다 두면 돼요?,식기류쟁반반납,57
가게가 10년이나 됐어요?,시설문의,54
아포가토는 뭐예요?,메뉴문의,29
빽앤나는 뭔데요?,메뉴문의,29
레몬에이드하고 티레몬에이드하고 어떻게 차이나나요?,메뉴문의,29
콜드브루는 뭐예요?,메뉴문의,29
콜드브루 시원하게 한 잔 주세요,일반주문,81
카드 되나요?,결제문의,3
모히토커피라떼는 뭐에요?,메뉴문의,29
그냥 기본적인 콜드브루 하나 주세요,일반주문,81
네 히비스커스라즈 이거는 따뜻하게 나오나봐요,메뉴문의,29
체인점인가봐요?,계열사문의,5
이 통은 뭔데요?,테이크아웃문의,105
여기 매장은 국내 브랜드에요?,계열사문의,5
인삼한뿌리는 어떻게 만들어요?,메뉴문의,29
진저에이드는 아린 맛이 나나요?,메뉴문의,29
톨 사이즈가 제일 작은거예요?,사이즈요구,48
카푸치노 위에 시나몬 파우더 올라가나요?,메뉴문의,29
아이스 아메리카노랑 카푸치노 한 잔씩 주세요,일반주문,81
네 먹고 가려고하는데 먹다가 남으면 테이크아웃 할 수 있나요?,테이크아웃문의,105
여기는 자체 회원카드가 없나봐요?,쿠폰멤버십적립문의,101
혹시 리필도 되나요?,리필문의,24
따뜻한 물 좀 주세요,뜨거운차가운물요구,23
여기 와이파이 비밀번호가 어떻게 돼요?,와이파이문의,70
아메리카노 얼마예요?,가격문의,2
주스 종류는 어떤게 있어요?,메뉴문의,29
바나나 주스는 어떻게 만드는 거에요?,메뉴문의,29
바나나 주스 하나랑 아메리카노 하나 주세요,일반주문,81
네 병 주스는 어떤 게 있어요?,메뉴문의,29
할인되는 카드는 없죠?,쿠폰멤버십적립문의,101
영수증 주세요,영수증요청,66
쿠폰은 없어요?,쿠폰멤버십적립문의,101
도장 10개까지 찍어야해요?,쿠폰멤버십적립문의,101
여기 화장실은 어디예요?,화장실위치문의,124
주문을 잘못해서 그러는데 아이스로 해주시면 안돼요?,주문내용변경,91
지금 생과일 주스는 뭐가 돼요?,주문가능여부,89
더치커피가 일반 커피보다 맛이 더 진한가요?,메뉴문의,29
프라페는 뭐예요?,메뉴문의,29
케냐AA보다 예가체프가 더 부드러워요?,메뉴문의,29
블루마운틴 아메리카노 주세요,일반주문,81
네 카드 되죠?,결제문의,3
구운 도너츠는 여기서 직접 굽는다 그랬죠?,메뉴문의,29
구운 도너츠 하나에 얼마예요?,가격문의,2
모카치노가 뭐에요?,메뉴문의,29
카페라떼 한 잔 주시겠어요?,일반주문,81
네 카페라떼 진하게 해주실 수 있으세요?,물우유량요구,37
여기 체인점인가요?,계열사문의,5
영수증 주세요,영수증요청,66
여기 주차장이 따로 있어요?,주차문의,95
와이파이 있어요?,와이파이문의,70
카카오페이 결제되나요?,모바일페이결제,35
휴대폰 급속 충전기 있어요?,핸드폰충전요청,119
물티슈 하나 주세요,냅킨물티슈요구,15
따뜻한 물 한 잔 주실 수 있어요?,뜨거운차가운물요구,23
제가 다 못마셔서 컵에 좀 옮겨주실 수 있나요?,테이크아웃요구,106
휴지 조금 더 가져가도 되죠?,냅킨물티슈요구,15
아메리카노 한 잔 주시겠어요?,일반주문,81
여기 혹시 쿠폰 있어요?,쿠폰멤버십적립문의,101
쿠폰은 10개 모으면 되는 건가요?,쿠폰멤버십적립문의,101
쿠폰으로 받는 커피는 따뜻한 아메리카노로 정해져있어요?,쿠폰멤버십적립문의,101
사장님 여기 혹시 주차는 어디 하면 되나요?,주차문의,95
주차단속 차가 다니나요?,주차문의,95
휴지말고 물티슈는 있어요?,냅킨물티슈요구,15
커피에 얼음 두 개만 넣어주세요,얼음요구,61
신데렐라 커피는 뭐예요?,메뉴문의,29
저는 좀 진한 거 좋아하는데 원두 추천해주세요,메뉴추천요구,32
제가 고른 원두로 아메리카노랑 라떼도 되는 거예요?,메뉴문의,29
커피 코지코히는 뭐예요?,메뉴문의,29
코지코히는 900원이에요?,가격문의,2
그럼 밀크코히는요?,메뉴문의,29
메뉴를 일본어로 해 놓으신 거예요?,메뉴문의,29
아메키라노 한 잔 주세요,일반주문,81
가게 앞에 주차해도 되는 건가요?,주차문의,95
그럼 어디에 주차하면 되나요?,주차문의,95
몇 시에서 몇 시까지 영업하세요?,영업시간문의,67
네 휴지 좀 주시겠어요?,냅킨물티슈요구,15
혹시 물티슈는 있나요?,냅킨물티슈요구,15
마카롱도 같이 파시나요?,메뉴문의,29
마카롱 한 개에 얼마예요?,가격문의,2
화장실은 어디로 가면 되나요?,화장실위치문의,124
마론마키야또는 무슨 맛이에요?,메뉴문의,29
바닐라라떼는 어떤 게 들어가나요?,메뉴문의,29
카페라떼 하나 주세요,일반주문,81
회원은 어떤 혜택이 있어요?,쿠폰멤버십적립문의,101
회원 카드 하나 만들어 주세요,쿠폰멤버십적립문의,101
빵은 직접 다 만드시는 거예요?,메뉴문의,29
오늘은 시식하는 게 없네요,메뉴문의,29
몇 시부터 몇 시까지 하시나요?,영업시간문의,67
현금이나 카드나 똑같이 3프로 적립이 되는 거예요?,쿠폰멤버십적립문의,101
음료 리필 서비스는 어떤 거예요?,리필문의,24
컵 홀더 하나 주세요,테이크아웃요구,106
카카오페이 결제가 가능한가요?,모바일페이결제,35
민트아메리카노는 어떤 거예요?,메뉴문의,29
경성역 다방커피는 어떤 거예요?,메뉴문의,29
라떼하고 비슷한 거예요?,메뉴문의,29
더 고소한 맛이 많은 거예요?,메뉴문의,29
그냥 아메리카노 한 잔 주세요,일반주문,81
네 혹시 적립카드 같은 게 있나요?,쿠폰멤버십적립문의,101
적립은 어떻게 되나요?,쿠폰멤버십적립문의,101
카카오페이 결제는 되나요?,모바일페이결제,35
빵 종류는 뭐가 있나요?,메뉴문의,29
카페에서 만드는 건가요?,메뉴문의,29
와이파이 비번은 뭐예요?,와이파이문의,70
근처에 편의점이 어디 있어요?,주변시설,93
빨대 있나요?,빨대,45
얼음 좀 넣어 주세요,얼음요구,61
그릇은 카운터에 반납하면 되나요?,식기류쟁반반납,57
저녁 몇 시까지 하시나요?,영업시간문의,67
아포카토는 어떤 거예요?,메뉴문의,29
스팀밀크는 어떤 거예요?,메뉴문의,29
아메리카노는 아이스랑 핫이랑 가격 차이 없어요?,가격문의,2
아메리카노 따뜻한 거 하나 주세요,일반주문,81
적립 하나 만들어 주세요,쿠폰멤버십적립문의,101
네 적립하면 어떤 혜택이 있나요?,쿠폰멤버십적립문의,101
현금이랑 카드랑 똑같아요?,쿠폰멤버십적립문의,101
크루아상 빵도 만들어서 파시는 건가요?,메뉴문의,29
크루아상 안에 초코나 생크림이 들어 있나요?,메뉴문의,29
다른 빵은 없나요?,메뉴문의,29
영수증 주시겠어요?,영수증요청,66
와이파이 비번 있나요?,와이파이문의,70
화장실 어디예요?,화장실위치문의,124
얼음 조금만 주시겠어요?,얼음요구,61
몇 시에서 몇 시까지 하시나요?,영업시간문의,67
머핀이랑 쿠키는 만들어서 파시는 건가요?,메뉴문의,29
헤이즐넛라떼는 뭐예요?,메뉴문의,29
더치라떼는요?,메뉴문의,29
치즈케이크라떼는 어떤 거예요?,메뉴문의,29
커피에 들어가는 건가요?,메뉴문의,29
아메리카노 따뜻하게 한 잔 주세요,일반주문,81
네 가지고 가는 거랑 가격이 같나요?,가격문의,2
카카오페이 결제도 되나요?,모바일페이결제,35
영수증 주시겠어요?,영수증요청,66
몇 시까지 영업하시나요?,영업시간문의,67
할인쿠폰이나 적립카드 있나요?,쿠폰멤버십적립문의,101
물은 어디서 마시면 돼요?,뜨거운차가운물요구,23
원두찌꺼기 주실 수 있나요?,특정원두요구,110
빨대도 하나 주시겠어요?,빨대,45
캐모마일은 어떤 거예요?,메뉴문의,29
숏라떼는 어떤 거예요?,메뉴문의,29
양은 똑같아요?,메뉴문의,29
카페라떼 따뜻한 거 레귤러로 한 잔 주세요,일반주문,81
카카오페이도 되는 건가요?,모바일페이결제,35
적립카드도 있어요?,쿠폰멤버십적립문의,101
CJ ONE은 어디서 등록하면 되나요?,쿠폰멤버십적립문의,101
적립된 건 바로 사용할 수 있어요?,쿠폰멤버십적립문의,101
영수증 주시겠어요?,영수증요청,66
나눠 먹으려고 하는데 종이컵 좀 주실 수 있나요?,컵요구,99
몇 시에서 몇 시까지 영업하시나요?,영업시간문의,67
빨대는 어디 있나요?,물품위치문의,39
얼그레이 아메리카노는 어떤 맛이에요?,메뉴문의,29
얼그레이는 뭐예요?,메뉴문의,29
얼그레이 향이 좀 있겠네요?,메뉴문의,29
더블그린 카페라떼는 뭐예요?,메뉴문의,29
일반 아메리카노로 주세요,일반주문,81
적립이나 할인카드 있나요?,쿠폰멤버십적립문의,101
할인은 몇 프로 되나요?,할인문의,116
와이파이 비번 있나요?,와이파이문의,70
화장실은 어디 있어요?,화장실위치문의,124
휴지 조금 더 가져가도 되나요?,휴지요구,128
빨대랑 따뜻한 물 한 잔만 주세요,뜨거운차가운물요구,23
카카오페이나 삼성페이 결제가 가능한가요?,모바일페이결제,35
화이트모카는 어떤 거예요?,메뉴문의,29
캬라멜 마키야토는 단 거예요?,메뉴문의,29
커피잔도 판매하시는 거예요?,메뉴문의,29
따뜻한 물 한 잔 주실래요?,뜨거운차가운물요구,23
휴지 좀 주실래요?,냅킨물티슈요구,15
리트로콜드브루는 따뜻한 거예요?,메뉴문의,29
라떼 따뜻한 걸로 하나 주세요,일반주문,81
포인트카드 되는 거 있어요?,쿠폰멤버십적립문의,101
몇 프로 적립돼요?,쿠폰멤버십적립문의,101
현금이나 카드 똑같이 적립되는 거예요?,쿠폰멤버십적립문의,101
여기 배달도 되나요?,배달문의,40
얼마 이상 주문해야 배달비가 무료예요?,배달문의,40
얼음물은 어디서 마시면 돼요?,뜨거운차가운물요구,23
여기 몇 시까지 영업해요?,영업시간문의,67
플랫치노는 뭐예요?,메뉴문의,29
스무디랑 비슷한 건가요?,메뉴문의,29
베이커리도 하시나 봐요?,메뉴문의,29
과일주스는 진짜 과일 갈아서 주는 거죠?,메뉴문의,29
헤이즐넛 바닐라라떼 많이 달아요?,메뉴문의,29
혹시 설탕은 없어요?,시럽설탕요구,52
도장은 몇 개 찍어야 하나요?,쿠폰멤버십적립문의,101
시나몬 뿌려주는 거 있나요?,메뉴문의,29
카푸치노 한 잔 주세요,일반주문,81
영수증도 주세요,영수증요청,66
쿠폰 있으면 하나 만들어 주세요,쿠폰멤버십적립문의,101
아홉 잔 마시면 열 번째는 서비스인가요?,쿠폰멤버십적립문의,101
달지 않은 따뜻한 음료 뭐가 괜찮나요?,메뉴추천요구,32
카페라떼 한 잔 주세요,일반주문,81
영수증도 주세요,영수증요청,66
화장실은 어디 있어요?,화장실위치문의,124
어떤 음료가 잘 나가나요?,메뉴추천요구,32
아메리카노 R사이즈 하나 주세요,일반주문,81
영수증 하나 주세요,영수증요청,66
빨대는 어디 있어요?,물품위치문의,39
아이스 아메리카노 한 잔 주세요,일반주문,81
네 그린티 라떼는 녹차가루 들어가는 건가요?,메뉴문의,29
요거트 스무디 하나랑 딸기 스무디 그리고 아이스 아메리카노 주세요,일반주문,81
네 스탬프도 하나 만들어 주세요,쿠폰멤버십적립문의,101
영수증도 하나 주세요,영수증요청,66
요거트 덜어 먹을 그릇 하나만 주세요,식기류요구,56
그럼 종이컵 하나만 주세요,컵요구,99
어떤 음료가 제일 잘 나가요?,메뉴추천요구,32
카페라떼 한 잔 주세요,일반주문,81
카페라떼에 샷이 몇 개가 들어가요?,메뉴문의,29
하나 반 정도만 넣을 수 있나요?,일반주문,81
원사이즈인가요?,메뉴문의,29
시럽은 조금만 넣어 주세요,일반주문,81
커피 말고 다른 메뉴는 뭐가 있나요?,메뉴문의,29
스무디는 차가운 거죠?,메뉴문의,29
초콜렛 라떼는 초콜렛맛이죠?,메뉴문의,29
초콜렛 라떼 하나 주세요,일반주문,81
초콜렛 라떼 많이 달아요?,메뉴문의,29
적립 안 되나요?,쿠폰멤버십적립문의,101
콜드폼 카푸치노가 뭐예요?,메뉴문의,29
카페라떼 하나 주세요,일반주문,81
영수증 주세요,영수증요청,66
화장실 어디 있어요?,화장실위치문의,124
시럽은 어디 있나요?,시럽설탕요구,52
쵸코 음료는 어떤 게 있어요?,메뉴문의,29
시그니처 초콜렛 같은 건 없어요?,메뉴문의,29
시그니처 초콜렛으로 한 잔 주세요,일반주문,81
주차장은 따로 없나요?,주차문의,95
일반 영수증 하나 주세요,영수증요청,66
제일 잘 나가는 생크림 케이크가 어떤 건가요?,메뉴추천요구,32
일단 생크림 카스텔라 주세요,일반주문,81
할인 되는 카드가 따로 있나요?,할인문의,116
물티슈도 좀 주시겠어요?,냅킨물티슈요구,15
내일 먹을 경우에는 어떻게 보관해야 해요?,보관방법문의,43
오늘의 커피라는 게 뭐예요?,메뉴문의,29
이거는 맛 괜찮아요?,메뉴문의,29
연해도 괜찮으니 숏 사이즈로 주세요,일반주문,81
시럽 넣어 주나요?,시럽설탕요구,52
테이크아웃 되죠?,테이크아웃문의,105
카페라떼 하나 주세요,일반주문,81
여기 주차 잠깐 해놔도 돼요?,주차문의,95
테이크아웃은 다 할인 되는거에요?,할인문의,116
얼마 할인 되는거죠?,할인문의,116
시럽 한 번만 넣어주세요,시럽설탕요구,52
사이즈는 따로 없나봐요,사이즈요구,48
커피음료 말고는 어떤거 있어요?,메뉴문의,29
주스류는 어떤게 있어요?,메뉴문의,29
생과일인가요 냉동과일인가요?,메뉴문의,29
토마토 주스 하나 주세요,일반주문,81
할인되는 카드도 있어요?,할인문의,116
네 여기 와이파이 돼요?,와이파이문의,70
저기 주스 좀 기다려야돼요?,제조시간문의,87
화장실좀 갔다올게요,화장실이용문의,125
스타벅스 돌체라떼는 어떤거에요?,메뉴문의,29
많이 달겠네요?,메뉴문의,29
아메리카노 하나 주세요,일반주문,81
네 사이즈가 숏사이즈 톨사이즈 이렇게 있어요?,일반주문,81
숏사이즈로 주세요,사이즈요구,48
영수증 좀 주세요,영수증요청,66
네 얼마나 기다려야 돼요?,제조시간문의,87
저게 다 커피 음료에요?,메뉴문의,29
카페 모카하고 카라멜 모카는 뭐가 달라요?,메뉴문의,29
조금 더 달겠네요,메뉴문의,29
아메리카노 하나 주세요,일반주문,81
톨 사이즈면 몇미리죠?,일반주문,81
톨로 주세요,사이즈요구,48
커피음료는 무조건 할인해주시는거에요?,할인문의,116
시럽 조금만 넣어주세요,시럽설탕요구,52
조금 달달한건 어떤거 있어요?,메뉴추천요구,32
돌체라떼는 많이 단가요?,메뉴문의,29
돌체라뗴 하나 주세요,일반주문,81
사이즈 뭐뭐 있나요?,사이즈요구,48
그란데 사이즈로 주세요,사이즈요구,48
영수증 좀 주세요,영수증요청,66
돌체라떼 금방 되죠?,제조시간문의,87
컵홀더 어디있나요,물품위치문의,39
커피음료 말고는 뭐 있어요?,메뉴문의,29
메뉴판에 있는 주스 다 되는거에요?,주문가능여부문의,90
토마토 주스 생과일인가요?,메뉴문의,29
토마토 주스 하나 주세요,일반주문,81
한잔 사면 쿠폰 있다고 하던데요?,쿠폰멤버십적립문의,101
쿠폰으로는 뭐 가능하죠,쿠폰멤버십적립문의,101
아메리카노 하나주세요,일반주문,81
네 주스는 여기서 마시고 커피는 테이크아웃 해주세요,테이크아웃요구,106
저녁에는 몇 시까지 영업해요?,영업시간문의,67
커피는 너무 달지않게 시럽조금만 넣어주세요,시럽설탕요구,52
커피는 뭐가 맛잇어요?,메뉴추천요구,32
초코라떼에도 우유 들어가는거에요?,메뉴문의,29
초코라떼 하나 주세요,일반주문,81
레귤러는 몇 미리고 라지는 몇 미리에요?,사이즈요구,48
레귤러로 주세요,사이즈요구,48
위에 조금만 뿌려주세요,일반주문,81
커피 어떤게 맛있어요 ,메뉴추천요구,32
더치커피는 그냥 아메리카노 처럼 돼있나요?,메뉴문의,29
더치 하나 주세요,일반주문,81
아니요 테이크아웃해주시고 테이크아웃하면 할인되는거 없어요?,할인문의,116
영수증 주시고 시럽 조금넣어주세요,영수증요청,66
물티슈 있어요?,냅킨물티슈요구,15
카페 비엔나는 어떤거에요? ,메뉴문의,29
아포카도는요?,메뉴문의,29
카페라떼 아이스로 하나 주시고 사이즈 있나요?,일반주문,81
네 테이크아웃 해주시고 얼음은 조금만 넣어주세요,테이크아웃요구,106
아니요 시럽 좀 넣어주시고 영수증 주세요,영수증요청,66
여기 주차장은 앞쪽 밖에 없어요 ?,주차문의,95
카페라떼 사이즈 있나요?,사이즈요구,48
카페라떼 시럽 좀 넣어서 아이스로 해주세요 ,일반주문,81
여기는 몇 시에 문열어요 ?,영업시간문의,67
저녁에 몇 시까지 해요 ,영업시간문의,67
카페 모카는 어떤거에요 ,메뉴문의,29
영수증 주세요,영수증요청,66
더치커피는 좀 연한가요 ,메뉴문의,29
더치커피로 하나주세요,일반주문,81
네 얼음 너무 많이 넣진 말아주세요,얼음량요구,60
여긴 테이크아웃잔 하면 할인해주는거 없어요?,할인문의,116
얼마 할인되는데요? ,할인문의,116
그냥 더치커피로해서 영수증 주세요 ,영수증요청,66
시럽 좀 넘어주세요 ,시럽설탕요구,52
아메리카노 레귤러보다 더 작은건 없나요?,사이즈요구,48
레귤러 사이즈로 아메리카노 한잔 주세요,일반주문,81
진하게하면 샷이 얼마나 들어가요?,메뉴문의,29
원래는 얼마나 들어가죠?,메뉴문의,29
원래대로 해주시고 카드로 할게요,결제요청,4
KT아닌데 다른거 적립은 없나요?,쿠폰멤버십적립문의,101
네 영수증 좀 주세요,영수증문의,64
화장실이 안에 있나요?,화장실위치문의,124
영업시간이 얼마나 되죠?,영업시간문의,67
조금 뜨거워서 그런데 얼음 한 개만 넣어주실 수 있나요?,얼음요구,61
아이스크림도 많이 파나봐요?,메뉴문의,29
밀크폼 아메리카노가 뭐에요?,메뉴문의,29
아이스로 나온거에요?,메뉴문의,29
아메리카노로 주시고 사이즈 따로 있나요?,메뉴문의,29
따뜻하게 해주세요,일반주문,81
영수증 주세요,영수증요청,66
학생들 마실 수 있는거 있어요?,메뉴추천요구,32
생과일 주스에요?,메뉴문의,29
코코아는 얼마에요?,가격문의,2
코코아는 맛있어요?,메뉴문의,29
딸기하고 바나나 섞은거 맛있나요?,메뉴문의,29
딸기하고 바나나 있는건 얼마에요?,가격문의,2
딸기 바나나 섞은거 한잔 주세요,일반주문,81
네 따뜻한거 마시고 싶은데 학생들 먹을거 코코아 말곤 없죠?,메뉴추천요구,32
학생들 먹을게 코코아밖에 생각이 안나는데 다른거 있나요?,메뉴추천요구,32
어떤 에이드요?,메뉴추천요구,32
따뜻한 물 한잔도 주실래요?,뜨거운차가운물요구,23
밀크티는 홍차에다가 우유 넣은거 아니에요?,메뉴문의,29
어떤 파우더에요?,메뉴문의,29
잘팔리는게 실론 밀크티에요?,메뉴문의,29
타이거 밀크티 달아요?,메뉴문의,29
왜 타이거 밀크티에요?,메뉴문의,29
뜨거운 것도 이렇게 되나요?,메뉴문의,29
이층도 있나요?,시설문의,54
영업한지 얼마나 됐어요?,기타문의,7
화장실은 어디있어요?,화장실위치문의,124
아메리카노 한잔 주세요,일반주문,81
테이크아웃은 더 싸요?,테이크아웃할인문의,109
수제 누가 크래커도 있네요?,메뉴문의,29
커피 나왔나요?,기타문의,7
초콜렛 같은 음료는 뭡니까?,메뉴문의,29
종이 스트로우 있나요?,빨대,45
조금만 마시다 가도 되죠?,매장이용문의,26
메뉴는 많지는 않네요?,메뉴문의,29
주 고객층은 그러면 젊은 사람들 많죠?,기타문의,7
빨대 하나만 가져갈게요,빨대,45
드립 커피는 시간이 조금 걸리죠?,제조시간문의,87
양이 너무 많은데 저 이제 식사하고 와서 커피 메뉴판은 어디 있나요?,메뉴판요구,34
저는 뜨겁게 쟈스민 차 주세요,일반주문,81
"결제는 카카오페이, 삼성페이 이런 것도 되요?",모바일페이결제,35
카페 이름이 1분이에요?,기타문의,7
마카롱 컬러만 다른가 맛볼 수 있어요?,시식요청,55
색소는 뭐 써요?,메뉴문의,29
"갑자기 먹고 싶어지는데, 마카롱 주세요",일반주문,81
"네, 이천 원이죠?",가격문의,2
1분 커피가 어떤 거에요?,메뉴문의,29
쉬는 날은 있어요?,휴일문의,127
화장실은 어디 있어요?,화장실위치문의,124
아메리카노 위에 커피 하얀 거 얹는 게 뭐죠?,메뉴문의,29
휘핑크림 말고 다른 건 또 뭐 있어요?,메뉴문의,29
"커피 위에 올라가는 거 하얀색이 휘핑크림, 우유 외에 다른 건 없나요?",메뉴문의,29
아메리카노에는 안 올린다구요?,메뉴문의,29
이름이 뭐라구요?,메뉴문의,29
모카인데 크림이 흰색이에요?,메뉴문의,29
도피오가 뭡니까?,메뉴문의,29
아메리카노 테이크 아웃 할인되나요?,할인문의,116
아메리카노 테이크 아웃으로 해주세요,일반주문,81
"네, 근데 컵에서 마실 때랑 맛이 다른 거 같은데 샷이 몇 개에요?",메뉴문의,29
뜨거워서 그러는데 얼음 두 개만 넣어주실래요?,얼음요구,61
"결제는 삼성페이, 카카오페이 이런 것도 다 돼요?",모바일페이결제,35
생과일 뭐가 있어요?,메뉴문의,29
딸기는 몇 프로 들어가요?,메뉴문의,29
잼이 들어간다고요?,메뉴문의,29
메뉴에 딸기 어디 있죠?,기타문의,7
작은 사이즈도 있나요?,사이즈요구,48
얼음을 빼주세요,얼음량요구,60
테이크 아웃은 천 원 할인돼요?,할인문의,116
적립도 되고 그래요?,쿠폰멤버십적립문의,101
제가 오늘 설탕 섭취를 많이 해서 잼을 안 넣으면 어떻게 될까요?,주문가능여부문의,90
딸기 100프로에요?,메뉴문의,29
너무 찐해서 그러는데 미지근한 물 좀 넣어 주세요,물우유량요구,37
커피 코너에서 달지 않은 거는 아메리카노 밖에 없나요,메뉴문의,29
허브차는 어떤 거,메뉴문의,29
히비스커스라는 식물 이름이 있어요?,메뉴문의,29
저 카모마일 한 잔 따뜻하게 주세요,일반주문,81
"네, 화장실은 어디 있습니까?",화장실위치문의,124
요즘 뭐 잘나가요?,메뉴추천요구,32
니트로 커피는 뭐예요?,메뉴문의,29
"니트로 커피 하나랑 그러면 에스프레소 하나 이렇게 두 개 주시고, 여기는 적립 뭐 돼요?",쿠폰멤버십적립문의,101
"할인 그런 거는 없고, 오로지 그냥 적립 그것만 되는 거예요?",쿠폰멤버십적립문의,101
회원들한테?,쿠폰멤버십적립문의,101
골드에서 VIP가 되려면 얼마나 먹어야지 그렇게 돼요,쿠폰멤버십적립문의,101
영수증 안 받았죠?,영수증요청,66
블루베리 주스 맛있다고 그러던데,메뉴문의,29
뭐 돼요?,주문가능여부문의,90
"아메리카노 한 잔, 테이크 아웃 해주세요",일반주문,81
"생크림이 고체가 있고, 액체도 있나요?",메뉴문의,29
원래 있기는 있어요?,메뉴문의,29
테이크 아웃 할인은 돼요?,할인문의,116
아이스크림은 어디에 있어요?,메뉴문의,29
"바닐라 컵으로 하나 주시고, 사이즈는 없죠?",사이즈요구,48
홈플러스에서 하는데 아니지 않아요?,쿠폰멤버십적립문의,101
생크림 카스텔라 포장 되요?,테이크아웃문의,105
하나만 포장해주세요,테이크아웃요구,106
"네, 주차는 여기 타워에 해도 되요?",주차문의,95
블루베리 쿠키치즈 케이크 이거는 뭐 들었어요?,메뉴문의,29
카카오페이나 삼성페이 결제돼요?,모바일페이결제,35
마카롱 하나에 이천 오백 원인 거예요?,가격문의,2
텀블러 가져오면 커피 할인되는 거 있어요?,텀블러할인문의,104
아메리카노 따뜻하게 한 잔주세요,일반주문,81
가져갈 건데 콜드브루는 시원한 거만 되죠?,메뉴문의,29
"네, 텀블러에 좀 담아주세요",텀블러사용,103
"네, 마샬라차이 저거는 뭐에요?",메뉴문의,29
생강향 나고 좀 달달하죠?,메뉴문의,29
적립되는 건 없어요?,쿠폰멤버십적립문의,101
포인트 결제하는 거는 CJ포인트 밖에 없나 봐요?,쿠폰멤버십적립문의,101
물 한 잔만 먹으려고 하는데 물 어디 있어요?,물품위치문의,39
시럽은 어디 있나요?,물품위치문의,39
텀블러 저것도 CJ포인트로 살 수 있어요?,기프티콘쿠폰멤버십사용문의,11
"아메리카노 한 잔 따뜻하게 해서 주시고, 와플 이런 거는 포장 안 되죠?",테이크아웃문의,105
아메리카노 따뜻한 걸로 주세요,일반주문,81
"아니요, 롯데상품권으로 결제할 수 있나요?",기프티콘쿠폰멤버십사용문의,11
"영수증 주시고, 여기 주차는 어디에 해요?",주차문의,95
스위트 팬케이크 이거 안에 뭐 들었어요?,메뉴문의,29
베리 케이크랑 크림이 다르다는 거죠?,메뉴문의,29
두 개에 오천 팔백 원 아니면 한 개에 오천 팔백 원이에요?,가격문의,2
단체 여섯 명에서 일곱 명 오고 하면 따로 할인 안 되죠?,할인문의,116
콜드 폼 카푸치노는 뭐에요?,메뉴문의,29
좀 달작한거죠?,메뉴문의,29
아이스 아메리카노 한 잔 주세요,일반주문,81
여기 매장에서 먹다가 남으면 혹시 테이크 아웃 해줘요?,테이크아웃문의,105
마카롱이 한 개당 이천 칠백 원인 거예요?,가격문의,2
치즈케이크 포장도 해줘요?,테이크아웃문의,105
여기 시럽 한 번만 넣을 수 있어요?,시럽설탕요구,52
텀블러 이거는 얼마에요?,가격문의,2
텀블러도 세일 할 때 있어요?,이벤트문의,78
에그 샌드위치 데워 주나요?,조리요구,88
"아니요, 바닐라 블랙 티 라테가 뭐예요?",메뉴문의,29
카페라테 따뜻한 거 하나랑 아이스 카페라테 한 잔,일반주문,81
"네, 밑에 카페 아메리카노는 그냥 일반 아메리카노 맞죠?",메뉴문의,29
시럽 내가 넣어야 돼요?,시럽설탕요구,52
여기는 자리가 2층에 없어요?,자리여부문의,84
시럽은 어디에 있어요?,물품위치문의,39
물은 어디 있어요?,물품위치문의,39
카페라테 따뜻한 거 한 잔 주문 여기서 해요?,주문가능여부문의,90
"네, 카페라테 한 잔에 샷 한 번 들어가요?",메뉴문의,29
저지방 우유로 넣어주실 수 있어요?,우유변경,71
건물 밑 주차장에 주차했는데 괜찮아요?,주차문의,95
시럽은 어디서 넣어요?,물품위치문의,39
한 번만 좀 넣어주세요,시럽설탕요구,52
카페라테 아이스 괜찮았는데 따뜻한 거랑 맛이 다를 때가 있던데 똑같은 거 맞아요?,메뉴문의,29
카페라테 아이스로,일반주문,81
쿠폰 같은 거 있어요?,쿠폰멤버십적립문의,101
"네, 블랙퍼스트 티 라테가 뭐예요?",메뉴문의,29
갈릭 허니 브레드 위에는 뭐 얹어놨어요?,메뉴문의,29
밑에 아이스 허니브레드?,주문가능여부문의,90
아이스크림 있는 저 와플은 두 명 정도 먹을 수 있겠네요,메뉴문의,29
아줌마들 한 일곱 명에서 여덟 명이 모임할건데 미리 예약 안해도 되겠죠?,단체석문의,20
아직 정해지진 않아서 잘 모르겠고 여기 시럽 한 번만 놔줄래요?,시럽설탕요구,52
솔트 치즈 라테 이거는 뭐예요?,메뉴문의,29
따뜻한 음료에요?,메뉴문의,29
연유라테도 좀 달작한거겠네,메뉴문의,29
카페라테 따뜻하게 한 잔 주세요,일반주문,81
"네, 샷은 원샷?",메뉴문의,29
츄러스는 바로 구워서 주는 거예요?,메뉴문의,29
자리는 아무 데나 앉아도 돼요?,기타문의,7
라떼인가 있는 것 같던데,주문가능여부문의,90
근데 일반 라떼 다른 데랑 똑같은 거예요?,메뉴문의,29
"난 약간 고소한 맛을 좋아하는데, 뭐가 좋아요?",메뉴추천요구,32
아이스 라떼로 주세요,일반주문,81
적립하면 뭐 있나요?,쿠폰멤버십적립문의,101
마카롱 가격은 개당 가격인가요?,가격문의,2
여기 시럽은 어딨어요?,물품위치문의,39
물티슈도 하나 줄 수 있어요?,냅킨물티슈요구,15
에스프레소 콘파냐는 뭐예요?,메뉴문의,29
딸기 프로티펀치는 뭐예요?,메뉴문의,29
딸기 주스는 뭐예요?,메뉴문의,29
딸기 주스 하나 주세요,일반주문,81
치킨 살사 샌드위치는 2인용인가요?,메뉴문의,29
마시는 물은 어디 있죠?,물품위치문의,39
조금 전에 영수증을 안 받은 것 같은데요,영수증요청,66
조각 케이크 포장해갈 수 있어요?,테이크아웃문의,105
얼그레이 다쿠아즈 케이크는 맛이 뭐예요?,메뉴문의,29
에스프레소는 커피 맛이 들어가 있겠네요?,메뉴문의,29
뭐드러갔슈는 뭐예요?,메뉴문의,29
추천해주고 싶은 거 어떤 거예요?,메뉴추천요구,32
슈 케이크 포장되죠?,테이크아웃문의,105
슈 케이크 얼마에요?,가격문의,2
보관은 냉장 보관하는 거죠?,보관방법문의,43
커피도 맛있어요?,메뉴문의,29
둘이 왔는데 한 잔만 좀 시켜도 돼요?,주문가능여부문의,90
스페셜티 블랜디드  원두는 뭐예요?,메뉴문의,29
아이스 아메리카노 한 잔이랑 라떼 따뜻하게 한 잔 주세요,일반주문,81
"죄송한데, 영수증을 따로 좀 끊어 줄 수도 있나요?",영수증요청,66
시럽은 뭘 쓰면 돼요?,시럽설탕요구,52
몇 시에 문 닫아요?,영업시간문의,67
아침에는 몇 시에 열어요?,영업시간문의,67
냅킨 가져가도 되죠?,냅킨물티슈요구,15
양이 너무 많아서 그런데 혹시 테이크아웃 잔으로 옮겨줄 수 있어요?,테이크아웃문의,105
샌드위치는 직접 만들어서 다 주는 거예요?,메뉴문의,29
샌드위치 데워 줘요?,메뉴문의,29
카푸치노랑 라떼랑 뭐가 틀려요?,메뉴문의,29
"카푸치노 하나랑, 라떼 하나랑 따뜻한 걸로 주세요",일반주문,81
평일날에 몇 시에 문 열어요?,영업시간문의,67
샌드위치 포장도 되죠?,테이크아웃문의,105
화장실은 어디에요?,화장실위치문의,124
키 가지고 가야 돼요?,화장실비밀번호문의,123
빈 그릇 두고 가면 돼요?,식기류쟁반반납,57
아이스 라떼 하나요,일반주문,81
더치커피 파나요?,주문가능여부문의,90
레몬 차하고 오미자차 직접 만들은 수제에요?,메뉴문의,29
블루베리 페퍼민트는 차 종류에요?,메뉴문의,29
시럽 한 번만 넣어주세요,시럽설탕요구,52
우유는 항상 매일 우유만 넣어요?,메뉴문의,29
카페 비엔나는 뭐예요?,메뉴문의,29
베이커리 종류는 없네요,메뉴문의,29
빵은 직접 구워요?,메뉴문의,29
커피 샷이  원샷이에요?,메뉴문의,29
스팀 밀크는 따뜻한 그냥 우유죠?,메뉴문의,29
샷 추가가 따로 있네요?,메뉴문의,29
아포카토도 커피에요?,메뉴문의,29
휴무날은 없어요?,휴일문의,127
영수증 좀 주세요,영수증요청,66
카카오 페이도 다 되나 봐요?,모바일페이결제,35
생아메리카노는 뭐예요?,메뉴문의,29
생아메리카노는 에스프레소가 아니라는 얘기죠?,메뉴문의,29
생아메리카노 한 잔 좀 주세요,일반주문,81
둘이 와서 한 잔 시키는 건 되나요?,주문가능여부문의,90
바닐라 보들라떼가 뭐예요?,메뉴문의,29
휴무는 언제예요?,휴일문의,127
아이스 시킨다는 게 깜빡했다,주문내용변경,91
얼음 좀 많이 넣어주시면 안 될까요?,얼음량요구,60
시럽 한 번 넣어줄 수 있어요?,시럽설탕요구,52
아메리카노 아이스 한 잔만 줄 수 있어요?,일반주문,81
얼그레이는 뭐예요?,메뉴문의,29
단백질 바나나 쉐이크는 단백질 파우더 넣어줘요?,메뉴문의,29
츄러스는 직접 해요?,메뉴문의,29
화장실 좀 이용할 수 있어요?,화장실이용문의,125
일요일은 안 하죠?,휴일문의,127
시럽 한 번만 좀 넣어줄 수 있어요?,시럽설탕요구,52
카푸치노 주세요,일반주문,81
라떼는 뭐를 라떼라고 해요?,메뉴문의,29
카페라떼 한 잔 주시겠어요?,일반주문,81
만 원 드릴게요,결제요청,4
현금영수증 되나요?,현금영수증요청,122
일요일에도 열어요?,휴일문의,127
몇 시에 문 열어요?,영업시간문의,67
문은 몇 시에 닫아요?,영업시간문의,67
"조각 케이크, 머핀은 여기서 만드는 건 아니지요?",메뉴문의,29
카페라떼가 우유만 섞어주는 거 아니에요?,메뉴문의,29
카페라떼는 사천 백 원인가요?,가격문의,2
라떼 하나 주세요,일반주문,81
자몽티 따뜻한 거 얼마에요?,가격문의,2
카페 모카는 뭐예요?,메뉴문의,29
영수증은요?,영수증요청,66
종이컵 하나 주실 수는 없어요?,컵요구,99
자몽을 금방 갈은 거예요?,메뉴문의,29
"커피를 먹으면 잠이 안 오는데, 따뜻한 차는 뭐가 괜찮겠어요?",메뉴추천요구,32
레몬과 유자차 중 뭐가 나을까요?,메뉴추천요구,32
레몬 차 한 잔 주세요,일반주문,81
레몬 차는 직접 담갔어요?,메뉴문의,29
레몬 차는 가루로 타주는 거예요?,메뉴문의,29
레몬 차는 직접 만드신 건 아니죠?,메뉴문의,29
직접 만든 차는 뭐가 있어요?,메뉴문의,29
루이보스 크림티 저건 뭔데요?,메뉴문의,29
루이보스 크림티는 달아요?,메뉴문의,29
레몬 민트티는 뭐예요?,메뉴문의,29
라떼 한 잔 주세요,일반주문,81
해피 포인트 전화번호로 적립 돼요?,쿠폰멤버십적립문의,101
현금 영수증 해주세요,현금영수증요청,122
빨대는 안 줘요?,빨대,45
순수 에이드 주세요,일반주문,81
커피 말고는 뭐가 괜찮아요?,메뉴추천요구,32
허브티 주세요,일반주문,81
허브티 시원한 건 없어요?,주문가능여부문의,90
케모마일 차갑게 주세요,일반주문,81
테이크아웃하면 싸나요?,할인문의,116
차는 아무 데나 대도 돼요?,주차문의,95
머랭은 안 파세요?,주문가능여부문의,90
스무디는 뭐가 잘 나가요?,메뉴추천요구,32
"아이스 아메리카노 하나하고, 딸기 요거트 하나 주세요",일반주문,81
딸기 요거트는 냉동 딸기죠?,메뉴문의,29
프랜차이즈에요?,계열사문의,5
차 갖고 오면 잠깐 세워놔도 괜찮나요?,주차문의,95
치즈빵 맛있어요?,메뉴문의,29
꽈배기는 어떤 게 잘 나가요?,메뉴추천요구,32
두 개 중에서는 어떤 게 잘 나가요?,메뉴추천요구,32
커피도 팔죠?,주문가능여부문의,90
아메리카노는 얼마씩 해요?,가격문의,2
딸기잼 직접 만든 거예요?,메뉴문의,29
머스켓은 얼마에요?,가격문의,2
커피는 뭐가 잘 나가요?,메뉴추천요구,32
아메리카노 따뜻한 거 하나 주세요,일반주문,81
차 종류는 뭐 있어요?,메뉴문의,29
화장실은 어디 있어요?,화장실위치문의,124
좀 덜 단 게 바닐라 라떼에요?,메뉴문의,29
카페라떼가 좀 덜 달죠?,메뉴문의,29
"얼그레이 따뜻하게, 에스프레소, 카페라떼 그렇게 세 잔이요",일반주문,81
차 대는 데는 없죠?,주차문의,95
뜨거운 물 좀 주세요,뜨거운차가운물요구,23
아가씨 커피 어떤 게 잘 나가요?,메뉴추천요구,32
아메리카노 한 잔 주세요,일반주문,81
빵은 직접 만든거예요?,메뉴문의,29
빵은 뭐가 잘 나가요?,메뉴추천요구,32
아이스커피 중에서는 어떤 게 잘 나가요?,메뉴추천요구,32
아메리카노 아이스 하나 주세요,일반주문,81
레귤러는 얼마에요?,가격문의,2
빵 종류는 없어요?,주문가능여부문의,90
영수증 하나 주세요,영수증요청,66
얼음 너무 많이 넣지 마세요,물우유량요구,37
아가씨 라떼 중에서는 따뜻한 거 뭐가 잘 나가요?,메뉴추천요구,32
바닐라 라떼는 달죠?,메뉴문의,29
덜 단 거는요?,메뉴추천요구,32
그냥 라떼는 얼마에요?,가격문의,2
쿠키는 직접 구운거 아니죠?,메뉴문의,29
"사장님, 핸드드립은 직접 뽑는 거에요?",메뉴문의,29
아이스 커피로 천천히 해주세요,일반주문,81
아메리카노 말고 뭐가 잘나가요?,메뉴추천요구,32
라떼는 무슨 라떼가 잘 나가요?,메뉴추천요구,32
아이스로 먹으려면 아메리카노 먹어야 되죠?,메뉴문의,29
저는 아이스 아메리카노 한 잔 주세요,일반주문,81
휴지는 어디있죠?,물품위치문의,39
커피 뭐가 잘 나가요?,메뉴추천요구,32
따뜻한 아메리카노 얼마에요?,가격문의,2
"아메리카노 한 잔 하고, 오리지날 프레즐 하나 주세요",일반주문,81
오리지날 프레즐 다 팔렸어요?,주문가능여부문의,90
"그럼 놔두고, 따뜻한 아메리카노만 주세요",일반주문,81
이거 커피콩알은 직접 만드는 거에요?,메뉴문의,29
속 안에 들어가는 건 없어요?,메뉴문의,29
따뜻한 아메리카노 한 잔 주세요,일반주문,81
밀크티는 어떤 걸로 만드는 거에요?,메뉴문의,29
"성분이 홍차인지, 아니면 뭐에요?",메뉴문의,29
밀크티에 우유를 넣는게 아니에요?,메뉴문의,29
더치 커피는 직접 내리시는 거에요?,메뉴문의,29
이게 더치 커피 오백미리에요?,메뉴문의,29
아메리카노 따뜻한 거 있죠?,주문가능여부문의,90
"아메리카노 따뜻한 거 하나 주시고, 바닐라 라떼는 어떤 거에요?",메뉴문의,29
바닐라 라떼 하나 주세요,일반주문,81
"네, 라지하고 사이즈가 어느 정도 차이나요?",사이즈요구,48
이게 제일 큰 사이즈에요?,사이즈요구,48
"아메리카노는 라지로 주시고, 바닐라 라떼는 레귤러로 주세요",사이즈요구,48
말차 카페 라떼가 뭐에요?,메뉴문의,29
말차가 뭔데요?,메뉴문의,29
"아몬드 카페 라떼 하나하고, 아메리카노 하나, 밀크티 라떼 따뜻한 거 한 잔이요",일반주문,81
십프로 할인해주세요,할인요청,117
먹다가 남으면 테이크 아웃 해주시는거죠?,테이크아웃문의,105
"저긴 찬 물인데, 따뜻한 물 좀 주세요",뜨거운차가운물요구,23
"아가씨, 치즈폼 딥초코 스무디는 어떤 재료가 들어가요?",메뉴문의,29
치즈폼 딥초코 스무디는 부드러워요?,메뉴문의,29
치즈폼 자체가 좀 달아요?,메뉴문의,29
쟈스민 그린티는 뭐에요?,메뉴문의,29
블랙티는 뭐에요?,메뉴문의,29
그것도 홍차에 펄 넣어서 주는거에요?,메뉴문의,29
블랙 밀크티는 뭐에요?,메뉴문의,29
블랙 밀크티도 맛 조절이 가능해요?,메뉴문의,29
블랙 밀크티는 그럼 따뜻하게는 안돼요?,메뉴문의,29
그럼 블랙 밀크티 주세요,일반주문,81
펄 있는 블랙 밀크티로 하면 얼마에요?,가격문의,2
큰 사이즈는 안돼요?,사이즈요구,48
그럼 블랙 밀크티 큰 사이즈로 하나 주세요,사이즈요구,48
많이 뜨거운가요?,기타문의,7
카라멜 마끼아또는 어떤거에요?,메뉴문의,29
우유가 많이 들어가나요?,메뉴문의,29
그러면 커피는 몇 개 정도 들어가요?,메뉴문의,29
커피 단정도는 어때요?,메뉴문의,29
그럼 따뜻한 아메리카노 한 잔 주시는데 투샷이에요?,메뉴문의,29
요기 만약 텀블러에 하면 어떻게 되죠?,텀블러할인문의,104
텀블러에 담으면 몇 그램 들어가요?,기타문의,7
컵으로 했을 때는 몇 그램 나오는데요?,기타문의,7
카라멜 마끼아또 텀블러에 담아주세요,텀블러사용,103
커피에 시나몬 좀 뿌려주세요,옵션추가요구,69
따뜻한 아메리카노 샷 몇 개 들어가죠?,메뉴문의,29
여기 더치 커피도 직접 내려요?,메뉴문의,29
이 커피 용량 몇 미리 짜리에요?,메뉴문의,29
용량 더 큰거는 안나오나요?,메뉴문의,29
저 물이랑 시럽 좀 더 부어주세요,옵션추가요구,69
바닐라 라떼는 어떤가요?,메뉴문의,29
그러면 그냥 아메리카노로 하나 주세요,일반주문,81
커피 연하게 하는 거는 샷이 몇 개 들어가요?,메뉴문의,29
여기 T멤버쉽 있으면 할인되요?,기프티콘쿠폰멤버십사용문의,11
음료 다 못먹으면 테이크 아웃도 해주시죠?,테이크아웃문의,105
라떼 중에 덜달고 순한게 있나요?,메뉴문의,29
우유는 싫어하는데 라떼 종류는 다 그래요?,메뉴문의,29
아메리카노 한 잔 주시고 개인 텀블러에 담으면 할인 되나요?,텀블러할인문의,104
아메리카노에 물 많이 넣어서 좀 연하게 해주세요,에스프레소샷개수요구,63
근데 카드로 결제해도 되나요?,결제문의,3
영수증 좀 주세요,영수증요청,66
아메리카노는 원래 샷이 몇 개에요?,메뉴문의,29
그러면 아메리카노 원샷으로 주세요,일반주문,81
연유라떼는 뭐에요?,메뉴문의,29
연유라는게 우리가 빙수에 뿌려먹는 연유 그거 말하는 거에요?,메뉴문의,29
연유랑 커피가 잘 어울려요?,메뉴문의,29
사장님 여기 와이파이는 안되나요?,와이파이문의,70
와이파이 비밀번호가 어떻게 되죠?,와이파이문의,70
프라페는 차가운 거에요?,메뉴문의,29
밤라떼는 밤이 들어가요?,메뉴문의,29
여기는 밤 자체를 그냥 넣으시는거에요?,메뉴문의,29
그럼 밤라떼 하나 주세요,일반주문,81
카드로 계산 해도 되나요?,결제문의,3
그러면 여기는 생과일 주스 이런 것도 전부 생과일 갈아서 하시겠네요?,메뉴문의,29
쿠폰 하나 만들어주세요,쿠폰멤버십적립문의,101
쿠폰은 몇 개 먹어야 한 잔 주고 이런거에요?,쿠폰멤버십적립문의,101
가격 상관없이 아무 커피나요?,쿠폰멤버십적립문의,101
블랙화이트는 뭐에요?,메뉴문의,29
그러면 블랙화이트는 단 것이 아예 안들어가는거에요?,메뉴문의,29
블랙화이트도 사이즈가 있어요?,메뉴문의,29
그러면 카페라떼 하나 주시고 설탕은 추가로 해야되나요?,메뉴문의,29
제가 설탕 조절해야돼요?,시럽설탕요구,52
그러면 설탕 따로 주세요,시럽설탕요구,52
여기는 할인되거나 할인되는 카드는 없어요?,할인문의,116
영수증 좀 주세요,영수증요청,66
여기 설탕 얼마나 넣어야 되나요?,기타문의,7
설탕말고 시럽은 없어요?,기타문의,7
따뜻한 라떼에 시럽보다 설탕이 나아요?,기타문의,7
홍시 스무디 있나요?,주문가능여부문의,90
홍시 스무디 왜 안되나요?,주문가능여부문의,90
홍시가 없는거에요?,주문가능여부문의,90
홍시 스무디가 잘나가나봐요?,주문가능여부문의,90
그러면 아메리카노 한 잔 주세요,일반주문,81
샷은 몇 개 들어가죠?,메뉴문의,29
시럽은 얼마나 들어가나요?,메뉴문의,29
여기 와이파이 되나요?,와이파이문의,70
와이파이 비밀번호 알려주세요,와이파이문의,70
와이파이 개방형인가요?,와이파이문의,70
화이트 카페모카는 많이 달아요?,메뉴문의,29
화이트초코요?,메뉴문의,29
그럼 많이 달겠네요?,메뉴문의,29
비엔나 커피도 달아요?,메뉴문의,29
그럼 비엔나 커피 하나 주세요,일반주문,81
커피 차가운 것도 되나요?,주문가능여부문의,90
얼음 좀 작게 넣어주세요,얼음량요구,60
따뜻한 비엔나 커피는 많이 안 달아요?,메뉴문의,29
혹시 그 위에 다가 시나몬 가루 좀 뿌려주실 수 있나요?,주문가능여부문의,90
여기 혹시 와이파이 되나요?,와이파이문의,70
모히또는 어떤 거에요?,메뉴문의,29
약간 톡 쏘는 그런거에요?,메뉴문의,29
그러면 클랜즈는 뭐에요?,메뉴문의,29
클랜즈는 그럼 생과일로 직접 짜서 주는거에요?,메뉴문의,29
플레인 요거트도 포장 가능해요?,테이크아웃문의,105
그러면 플레인 요거트 하나 주시는데 많이 안달죠?,메뉴문의,29
리얼 쇼콜라는 뭐에요?,메뉴문의,29
아메리카노로 하나 주세요,일반주문,81
할인되는 카드 그런건 없어요?,할인문의,116
쿠키는 여기서 직접 만드나요?,메뉴문의,29
아메리카노 테이크 아웃으로 좀 해주세요,테이크아웃요구,106
영수증도 같이 부탁드려요,영수증요청,66
오트밀 라떼는 뭐 들어가는거에요?,메뉴문의,29
오트밀 라떼도 차가운 건가요?,메뉴문의,29
그러면 단 정도는 어때요?,메뉴문의,29
그러면 원래 오트밀 라떼 자체가 좀 단 거에요?,메뉴문의,29
오트밀 라떼 크기 조절 가능해요?,사이즈요구,48
오트밀 라떼 한 잔 주세요,일반주문,81
여긴 몇 시에 문열어요?,영업시간문의,67
저기 앉아서 먹을 수도 있나요?,매장이용문의,26
여기는 주문한 다음에 2층 가서 마셔야 되나봐요?,매장이용문의,26
목이 지금 칼칼하면서 안 좋은데 어떤 거 마시면 좋을까요?,메뉴추천요구,32
페퍼민트 허브티로 하나 주세요,일반주문,81
아니요 없는데 하나 만들면 뭐 있나요?,쿠폰멤버십적립문의,101
네 이 카드로 결제해주세요,결제요청,4
음료 받아서 올라가야되나요?,기타문의,7
여기 혹시 와이파이 되나요?,와이파이문의,70
카페라떼 따뜻한 거 하나 주세요,일반주문,81
아니요 텀블러 가져오면 텀블러에 담아주시나요?,텀블러사용,103
양 조금 더 주고 그런거 있어요?,기타문의,7
적립은 되는가요?,쿠폰멤버십적립문의,101
쿠폰 10개 찍어야 회원증 발급되요?,쿠폰멤버십적립문의,101
라떼 따뜻한 거 테이크아웃으로 한 잔 주세요,일반주문,81
라떼 하나 주세요,일반주문,81
네 여기는 우유는 뭘로 써요?,메뉴문의,29
여기 체인점이에요?,계열사문의,5
예전에는 체인점이였어요?,계열사문의,5
원두를 다른데서 받아오시는데가 있어가지고 카페 운영 하는거에요?,기타문의,7
어디꺼 쓰시는데요?,기타문의,7
제 친구도 커피숍 하는데 대부분 여러가지 섞어서 한다고 하는데 맞나요?,기타문의,7
텀블러 갖고오면 거기 담아 주시죠?,텀블러사용,103
라떼 하나 얼마에요?,가격문의,2
따뜻한 라떼 하나 주시고 여기 적립카드 있어요?,쿠폰멤버십적립문의,101
쿠폰 하나 주시겠어요?,쿠폰멤버십적립문의,101
쿠폰은 어떻게 하면 되는거죠?,쿠폰멤버십적립문의,101
여기 혹시 카카오페이 결제도 되는가요?,모바일페이결제,35
진하게 먹으려면 샷 추가 하는 거에요?,메뉴문의,29
휴지 좀 가져가도 되는거죠?,냅킨물티슈요구,15
라떼 진하게 먹으려면 샷을 추가하는 거에요?,메뉴문의,29
그러면 조금 진하게 라떼 따뜻한 거 한 잔 주세요,일반주문,81
카카오페이 결제도 되는가요?,모바일페이결제,35
어느정도 기다리면 되나요?,제조시간문의,87
제가 시간이 없어 그러는데 커피를 제가 가지고 다니는 텀블러에 담아 주시겠습니까?,텀블러사용,103
아메리카노 한 잔 주시겠어요?,일반주문,81
카페 콤파냐는 뭐에요?,메뉴문의,29
생크림은 시중에서 파는 제품으로 하시는거에요?,메뉴문의,29
그냥 아메리카노 따뜻한 걸로 한 잔 주시고 농도 조절 할 수 있나요?,물우유량요구,37
네 그냥 농도는 기본으로 해주세요,물우유량요구,37
혹시 와이파이 비밀번호 여기 있습니까?,와이파이문의,70
화장실은 어디 있어요?,화장실위치문의,124
이 과자는 뭐에요?,메뉴문의,29
죄송한데 물 좀 한 잔 주시겠어요?,뜨거운차가운물요구,23
아침에는 몇 시에 문 열어요?,영업시간문의,67
저녁에는 몇 시에 문 닫아요?,영업시간문의,67
치즈케잌 없어요?,주문가능여부문의,90
생크림 소프트 쉬폰 이거는 무슨 맛이에요?,메뉴문의,29
스타벅스에 그런 빵하고 비슷한가요?,메뉴문의,29
생크림 소프트 쉬폰 이거 하나 주세요,일반주문,81
여기는 할인이나 적립되는 카드 뭐죠?,쿠폰멤버십적립문의,101
빵 세 시간에서 네 시간 있다가 먹으려면 보관은 어떻게 해야돼요?,보관방법문의,43
포장이라도 기다려야돼요?,제조시간문의,87
혹시 물티슈 줄 수 있어요?,물티슈요구,38
원조커피가 뭐에요?,메뉴문의,29
아이스크림도 있어요?,메뉴문의,29
소프트 아이스크림이 1500원인데 카라멜 추가하면 500원더 추가되나요?,가격문의,2
노말한 아이스크림이 뭐에요?,메뉴문의,29
아메리카노 한 잔 주세요,일반주문,81
네 티머니로 결제도 돼요?,결제문의,3
적립이나 할인은 없나요?,쿠폰멤버십적립문의,101
영수증 주시고 샷은 몇 개에요?,메뉴문의,29
하나만 해주세요,에스프레소샷개수요구,63
뜨거워서 그런데 얼음 3개만 넣어주세요,얼음요구,61
이게 몇 미리에요?,사이즈문의,47
작은 사이즈 나왔으면 좋겠습니다,사이즈요구,48
종이 빨대 있어요?,빨대,45
테이크아웃하면 2000원 되어있는데 맞아요?,가격문의,2
생크림 카스텔라 스타벅스에 파는거랑 비슷한거에요?,메뉴문의,29
하나 포장 가능한가요?,테이크아웃문의,105
포장 부탁드릴게요,테이크아웃요구,106
돌체라떼는 뭐에요?,메뉴문의,29
진짜딸기우유라고하는거는 여기서 만든거에요?,메뉴문의,29
한 병에 얼마에요?,가격문의,2
자몽청도 여기서 만든거에요?,메뉴문의,29
자몽청 이거는 그냥 따뜻한 물에 차처럼 타먹어도 되는거죠?,메뉴문의,29
테이크아웃 되죠?,테이크아웃문의,105
아이스 아메리카노 더치커피랑 아메리카노 맛이 많이 틀리나요?,메뉴문의,29
아이스 아메리카노 한 잔 주세요,일반주문,81
몇 시에 문열어요?,영업시간문의,67
시럽 한 번만 넣어주세요,시럽설탕요구,52
커피 지금 먹을 수 있나요?,주문가능여부문의,90
사장님 여기 2층에도 해요?,시설문의,54
라떼 한 잔 살게요,일반주문,81
멤버십 같은 거 있나요?,쿠폰멤버십적립문의,101
네 영수증 좀 주세요,영수증요청,66
스파클링에이드 많이 달아요?,메뉴문의,29
시럽은 어디있어요?,시럽설탕요구,52
종이컵에 물 한 컵 얻어가도 될까요?,뜨거운차가운물요구,23
플랜클링 이거 탄산들어있는거에요?,메뉴문의,29
많이 달아요?,메뉴문의,29
플랜클링레몬 하나 주세요,일반주문,81
씨제이카드 있으면 적립되나요?,쿠폰멤버십적립문의,101
저쪽에 있는건 아이스크림이죠?,메뉴문의,29
얼음은 그냥 무료로 주시나요?,얼음요구,61
여기 몇 시까지해요?,영업시간문의,67
여기 시원한게 뭐 어떤게 있죠?,메뉴문의,29
아이스 아메리카노는 얼마에요?,가격문의,2
두 개 주세요,일반주문,81
저 베이글은 뭐 발라서 주는거에요?,메뉴문의,29
그럼 바르는 소스는 따로 없는거에요?,메뉴문의,29
여기서 데워서 주는거에요?,조리요구,88
아이스아메리카노 두 개만 주세요,일반주문,81
네 화장실 어디있나요?,화장실위치문의,124
여기 주차권은 무료되나요?,주차권주차도장요구,94
휴지는 어딨어요?,냅킨물티슈요구,15
여기 생과일 주스는 뭐가 있어요?,메뉴문의,29
차 종류는 이거에요?,메뉴문의,29
바나나주스는 어떻게 만드는거에요?,메뉴문의,29
너무 달진 않아요?,메뉴문의,29
시럽을 많이 넣어서 그래요?,메뉴문의,29
에스프레소 콘파냐는 뭐에요?,메뉴문의,29
토마토주스 작은 거 되나요?,주문가능여부문의,90
토마토주스 너무 달게하진 말고 하나 주세요,일반주문,81
카드되죠?,결제문의,3
영수증 주세요,영수증요청,66
이거 먹다가 테이크아웃되나요?,테이크아웃문의,105
자몽주스하고 자몽에이드는 뭐가 차이점이에요?,메뉴문의,29
자몽주스는 그냥 자몽 생으로 가는 거에요?,메뉴문의,29
여기 앉을까요?,자리여부문의,84
에그햄머핀은 양이 많아요?,메뉴문의,29
민트라떼는 어떤거에요?,메뉴문의,29
라떼면 우유들어가요?,메뉴문의,29
많이 달아요?,메뉴문의,29
카페라떼 한 잔 주세요,일반주문,81
네 루이보스 바닐라도 루이보스랑 바닐라 두 개가 합쳐진거에요?,메뉴문의,29
레귤러가 제일 작은거에요?,사이즈요구,48
네 카푸치노 한 개 카페라떼로 바꿀 수 있나요?,주문내용변경,91
여기 식사도 있나 봐요?,메뉴문의,29
내맘대로 커피는 샷을 조절 할 수 있는거에요?,메뉴문의,29
여기 복지카드 할인되죠?,할인문의,116
멤버십 VIP고객은 안 되는 거에요?,할인문의,116
카푸치노가 좀 쓰나요?,메뉴문의,29
부드럽게 할 수 있나요?,메뉴문의,29
원래는 투 샷이에요?,메뉴문의,29
한 샷 반으로 해주세요,에스프레소샷개수요구,63
네 따뜻하게 해주시고 여기 라자냐있죠?,메뉴문의,29
라자냐는 양이 많나요?,메뉴문의,29
바닐라딜라이트 주세요,일반주문,81
네 먹다가 혹시 밖으로 나가고싶으면 테이크아웃잔에 담아주세요?,테이크아웃문의,105
애플그린씨 안에 계란들어있는거에요?,메뉴문의,29
여기는 리필정책이 있네요?,리필문의,24
할리스매장은 다 리필되는거에요?,리필문의,24
여기 주차장공용이죠?,주차문의,95
유로드립이 우리 일반적으로 마시는 것보다 순해요?,메뉴문의,29
샷은 몇 개나 추가되는 거예요?,메뉴문의,29
여기 딸기 주스는 없어요?,메뉴문의,29
생딸기 주스 없어요?,메뉴문의,29
큐브라떼도 커피인가요?,메뉴문의,29
큐브라떼는 맛이 좀 강해요?,메뉴문의,29
"유로드립 한 잔 하구요, 카푸치노 주세요",일반주문,81
삼성페이 결제 되나요?,모바일페이결제,35
테이크아웃잔은 안 되죠?,테이크아웃문의,105
핸드폰은 조심해서 만져주세요,기타문의,7
삼성페이가 안돼면 다른 카드로 계산할게요,결제요청,4
사이드는 다콰즈 종류 외에는 없어요?,메뉴문의,29
얼그레이하고 레몬차 중에서 좀 덜 단 맛이 나는건 어떤거죠?,메뉴문의,29
여기 커피가 좀 맛이 강한가요?,메뉴문의,29
혹시 좀 덜 진하게 할 수 있나요?,에스프레소샷개수요구,63
아인슈페너는 뭐죠?,메뉴문의,29
아인슈페너 한 개랑 아메리카노 따뜻한거 하나 주세요,일반주문,81
영수증 주세요,영수증요청,66
혹시 따뜻한 물 좀 얻을 수 있을까요?,뜨거운차가운물요구,23
유자차 따뜻한 거는 4500원이에요?,가격문의,2
레몬유자차하고 유자차하고 차이점이 뭐예요?,메뉴문의,29
얼그레이는 뭐예요?,메뉴문의,29
생과일 주스는 어떤게 있어요?,메뉴문의,29
자몽에이드는 너무 달지는 않죠?,메뉴문의,29
자몽에이드하고 카푸치노 주세요,일반주문,81
적립되는 카드는 없어요?,쿠폰멤버십적립문의,101
스탬프도 없어요?,쿠폰멤버십적립문의,101
주차는 무료로 되는 거예요?,주차문의,95
여기서 먹을건데 왜 테이크아웃잔에 줘요?,테이크아웃문의,105
진저라떼 생강이 들었어요?,메뉴문의,29
커피에다가 생강을 넣나요?,메뉴문의,29
케이크 같은건 없어요?,메뉴문의,29
식혜는 얼마인데요?,가격문의,2
아메리카노는 샷이 몇 개 들어가요?,메뉴문의,29
아메리카노 원 샷으로 해주세요,에스프레소샷개수요구,63
영수증도 주세요,영수증요청,66
생긴지 얼마나 됐어요?,시설문의,54
음료에 얼음 몇 개 넣어주세요,얼음요구,61
작은 사이즈 테이크아웃 아메리카노 얼마에요?,가격문의,2
따뜻한 아메리카노 주세요,일반주문,81
"작은거는 얼마고, 큰거는 얼마에요?",가격문의,2
적립 같은건 안 해요?,쿠폰멤버십적립문의,101
적립 쿠폰 주세요,쿠폰멤버십적립문의,101
방문 쿠폰은 뭐예요?,쿠폰멤버십적립문의,101
영수증 좀 주세요,영수증요청,66
여기는 프랜차이즈에요?,계열사문의,5
몇 시까지 해요?,영업시간문의,67
아침에는 몇 시에 열어요?,영업시간문의,67
프랜차이즈에요?,계열사문의,5
메뉴는 누가 만드는 거예요?,메뉴문의,29
말린 과일은 설탕을 넣은 거예요?,메뉴문의,29
말린 과일은 다 2000원씩이에요?,가격문의,2
생긴지 얼마나 됐어요?,시설문의,54
테이크아웃하면 싸게 해주는거 없어요?,할인문의,116
베니스카푸치노랑 바닐라카푸치노랑 뭐가 달라요?,메뉴문의,29
일반 카푸치노 따듯하게 하나 해주실래요?,일반주문,81
카드해도 돼요?,결제문의,3
**** 회원 등록되어 있나 봐주실래요?,쿠폰멤버십적립문의,101
아그로타타마는 무슨 뜻이에요?,메뉴문의,29
영수증 좀 주실래요?,영수증요청,66
바닐라 라떼는 일반 라떼랑 다르죠?,메뉴문의,29
오후에는 가게 앞에 주차해도 되나요?,주차문의,95
에이드 다 생과일로 해주나요?,메뉴문의,29
레몬에이드 한 잔은 얼마에요?,가격문의,2
아메리카노 있어요?,메뉴문의,29
아메리카노 한 잔 주세요,일반주문,81
라떼 종류는 다 우유가 들어가는 건가요?,메뉴문의,29
쿠폰 없어요?,쿠폰멤버십적립문의,101
과일 주스는 생과일이에요?,메뉴문의,29
블루베리 주스 한 잔 주세요,메뉴문의,29
적립은 없어요?,쿠폰멤버십적립문의,101
컵 빙수도 지금 하나요?,주문가능여부문의,90
아메리카노 제일 작은 사이즈로 3개 주세요,일반주문,81
쿠폰 도장 찍어주나요?,쿠폰멤버십적립문의,101
땅콩 카라멜 라떼는 땅콩이 들어가나요?,메뉴문의,29
브이적힌 건 뭡니까?,사이즈문의,47
여기는 체인인가요?,체인점문의,96
카라멜 마끼야또에도 우유 들어가나요?,메뉴문의,29
우유가 안들어간 거는 있나요?,메뉴문의,29
아메리카노 레귤러 사이즈 하나 주세요,일반주문,81
체크카드로 할게요,결제요청,4
"네, 여기는 포인트 할인은 없나요?",할인문의,116
뜨거워서 얼음3개만 넣어주세요,얼음량요구,60
이거 처음 나올때 몇도입니까?,음료온도문의,74
배달도 되나요?,배달문의,40
마카롱은 여기서 만드나요?,베이커리제조문의,42
가격은?,가격문의,2
인터넷판매도 하나요?,인터넷판매문의,80
sns는 어디로 들어가면 되나요?,인터넷판매문의,80
커피 주세요,일반주문,81
카푸치노도 되나요?,메뉴문의,29
카드로 할게요,결제요청,4
뚜껑 닫지 말아주세요,테이크아웃용기요청,107
영업은 몇시까지 하시나요?,영업시간문의,67
커피는 로스팅 된 거를 쓰시나요?,메뉴문의,29
여기에 시나몬 가루 뿌릴 수 있나요?,옵션추가문의,68
카페모카랑 카푸치노랑 어떻게 달라요?,메뉴문의,29
치즈케이크도 있어요,메뉴문의,29
치즈케이크은 얼마에요?,가격문의,2
치즈케이크 하나 주세요,일반주문,81
포인트 적립있어요?,쿠폰멤버십적립문의,101
따듯한 물 한잔 있어요?,뜨거운차가운물요구,23
커피찌꺼기 남은 거 있어요,남은커피가루문의,13
대만 샌드위치가 뭐에요?,메뉴문의,29
여기는 텀블러가지고 오면 할인되나요?,텀블러할인문의,104
전부 과일 인가요?,메뉴문의,29
커피도 있어요?,메뉴문의,29
덜 찬 건?,메뉴문의,29
우유를 들어간 메뉴 있나요?,메뉴문의,29
얼음 안들어가는 건?,메뉴문의,29
생딸기쥬스 작은 거 하나 주세요,일반주문,81
포인트 적립도 있어요?,쿠폰멤버십적립문의,101
사이즈는 한 가지 인가요?,사이즈문의,47
벤티가 어떤 거죠?,사이즈문의,47
체인점이죠,체인점문의,96
아메리카노 작은 사이즈로 주세요,일반주문,81
투 샷 들어가나요?,에스프레소샷개수문의,62
원 샷으로 주세요,에스프레소샷개수요구,63
컵은 작은거 없나요?,사이즈문의,47
네 그걸로 주시고 적립되나요?,쿠폰멤버십적립문의,101
적립 어떻게 해요?,쿠폰멤버십적립문의,101
영수증 좀 주세요,영수증요청,66
커피를 캔에 담아주시는건가요?,메뉴문의,29
캔에 하면 가격은?,테이크아웃용기추가금액문의,108
메뉴 다 되는 건가요?,메뉴문의,29
테이크아웃하면 할인 되나요?,테이크아웃할인문의,109
텀블러는 할인되고?,텀블러할인문의,104
한 샷 반 돼요?,에스프레소샷개수문의,62
아메리카노 한샷 반 주세요,일반주문,81
쿠폰은 10개하면 1개 무료에요?,쿠폰멤버십적립문의,101
영수증 주세요,영수증요청,66
커피종류는 어떤 거 있어요,메뉴문의,29
일반 커피하고 비엔나 커피랑 뭐가 달라요?,메뉴문의,29
슈가는?,메뉴문의,29
어떤 게 잘나가요?,인기메뉴문의,79
원산지는 어디 꺼죠?,원두원산지문의,72
달지 않은 음료로 과일주스는 있나요?,메뉴문의,29
생과일인가요?,메뉴문의,29
애플망고 주스는 가격이 얼마에요?,가격문의,2
텀블러가지고 오면 할인은 되나요?,텀블러할인문의,104
할인 카드는 따로 없나요?,할인문의,116
오픈한 지 얼마 안됐죠?,기타문의,7
몇 시부터 몇 시까지 영업해요?,영업시간문의,67
아메리카노 한 잔 주세요,일반주문,81
진하게 주시고 컵도 큰 컵으로 가능한가요?,사이즈문의,47
아니요 화장실은 어디 이용해요?,화장실위치문의,124
"토요일, 일요일도 영업하세요?",휴일문의,127
어떤 게 잘나가요?,인기메뉴문의,79
샷은 몇 개 들어가요?,에스프레소샷개수문의,62
샷 추가 시 추가요금 있나요?,샷토핑추가시추가금액문의,49
따뜻한 음료는 커피 말고 어떤 거 있어요?,메뉴문의,29
여기선 어떤 게 잘나가요?,인기메뉴문의,79
사이즈는 세 가지 있어요?,사이즈문의,47
가격 차이 나겠네요,가격문의,2
돌체라떼는 뭐에요?,메뉴문의,29
아메리카노 먹다가 남으면 포장도 해주나요?,테이크아웃문의,105
컵 비용 따로 추가되진 않죠?,테이크아웃용기추가금액문의,108
아메리카노 한 잔 주세요,일반주문,81
네 몇 시부터 몇 시까지 영업해요?,영업시간문의,67
차기지고 오면 어디다 세워요?,주차문의,95
커피는 원산지 어디에요?,원두원산지문의,72
화장실이 밖에 있어요?,화장실위치문의,124
다 못마셔서 그런데 포장해주세요,테이크아웃요구,106
카드 결제돼요?,결제문의,3
포인트 적립있어요?,쿠폰멤버십적립문의,101
따뜻한 음료 어떤 거 있어요?,메뉴문의,29
돌체라떼는 뭔가요?,메뉴문의,29
시럽 들어가나요?,메뉴문의,29
아메리카노하고 더치 아메리카노하고 어떻게 차이가 나요?,메뉴문의,29
더치도 뜨겁게도 되나요?,메뉴문의,29
컵 사이즈도 있나요?,사이즈문의,47
샷 추가 시 추가요금 있나요?,샷토핑추가시추가금액문의,49
생과일 주스도 가능해요?,주문가능여부문의,90
아메리카노로 뜨겁게 해주세요,일반주문,81
마시고 갈 건데 못마시면 포장돼죠?,테이크아웃문의,105
카드 돼요?,결제문의,3
할인카드 없죠?,할인문의,116
영수증 주세요,영수증요청,66
주차는 앞에 하면 되나요?,주차문의,95
몇 시부터 몇 시까지해요?,영업시간문의,67
명절에는 휴무 없어요?,휴일문의,127
아메리카노에는 샷 몇 개 들어가요?,에스프레소샷개수문의,62
커피 중에 덜 단 게 어떤 거에요?,메뉴문의,29
그린라떼는 커피들어가나요?,메뉴문의,29
카페라떼로 주세요,일반주문,81
테이크아웃하면 더 저렴해요?,가격문의,2
샌드위치 구매하면 아메리카노 무료로 제공되나요?,이벤트문의,78
아메리카노 주세요,일반주문,81
테이크아웃은 더 싸나요?,가격문의,2
테이크아웃 해주세요,테이크아웃요구,106
네 영수증도 주세요,영수증요청,66
청도 만들어서 파나요?,메뉴문의,29
그릇은 파는 건가요?,MD제품문의,1
그릇 얼마씩 해요?,가격문의,2
밀크하고 블랙하고 어떻게 틀려요?,메뉴문의,29
라떼 종류 중에 많이 안 단 건 어떤 거에요?,메뉴문의,29
더치라떼 따뜻한 거 하나 주세요,일반주문,81
이걸로 결제 해주세요,결제요청,4
네 영수증도 주세요,영수증요청,66
생강차는 생강분말 들어가요?,메뉴문의,29
수삼주스는 뭐에요?,메뉴문의,29
수삼주스는 얼마에요?,가격문의,2
아메리카노 따뜻한 거 한 잔 주세요,일반주문,81
마시고 갈게요,일반주문,81
네 햄치즈는 얼마씩 해요?,가격문의,2
로얄밀크티는 뭐에요,메뉴문의,29
커피가 들어간 거인가요?,메뉴문의,29
카페라떼도 커피 들어가요?,메뉴문의,29
솔트 치즈 카페라떼 하나 주세요,일반주문,81
네 여기도 체인점이죠,체인점문의,96
여기 뒤에 차 잠깐 세워도 되나요?,주차문의,95
많이 안달죠?,메뉴문의,29
커피말고 뭐 있나요?,메뉴문의,29
어떤 게 잘나가나요?,인기메뉴문의,79
블루베리는 냉동이죠?,메뉴문의,29
블루베리 주스를 먹을게요,일반주문,81
네 곡물라떼는 어떤 게 들어가요?,메뉴문의,29
블루베리 주스는 시럽 들어가요?,메뉴문의,29
몇 시까지해요?,영업시간문의,67
커피 어떤 게 맛있어요?,메뉴추천요구,32
더치는 아메리카노랑 비슷한가요?,메뉴문의,29
더치커피 하나 주세요,일반주문,81
여기 테이크아웃하면 할인되는 거 없어요?,테이크아웃할인문의,109
시럽 조금 넣어 주세요,시럽요구,53
물티슈 있어요?,물티슈요구,38
커피 원두는 다 같은거죠?,원두원산지문의,72
비엔나는 어떤 거에요?,메뉴문의,29
카페라떼 아이스로 하나 주세요,일반주문,81
네 얼음은 조금만 넣어주세요,얼음량요구,60
주차장은 앞에 있나요?,주차문의,95
1리터 커피가 뭐예요?,메뉴문의,29
텀블러 가져오면 따로 할인이 되나요?,MD제품문의,1
카푸치노 한 잔 주시겠어요?,일반주문,81
적립되는 카드 있나요?,쿠폰멤버십적립문의,101
원두는 로스팅 하시나요? 아니면 분쇄 해주실 수 있나요?,원두인스턴트커피로스팅문의,73
저 원두는 얼마인가요?,가격문의,2
원두 한 봉지가 몇 그램인가요?,원두인스턴트커피로스팅문의,73
이 카푸치노는 어떻게 만드는 거에요?,메뉴문의,29
그럼 카페 라떼랑은 뭐가 다른 건가요?,메뉴문의,29
더치는 끓인 물로 하는 건가요?,메뉴문의,29
정수기는 어떤 거 사용하세요?,기타문의,7
여기 로스팅도 직접 하시는 거에요?,원두인스턴트커피로스팅문의,73
차 종류는 어디에 있어요?,메뉴문의,29
블랙티가 어떤 것인가요?,메뉴문의,29
밀키티도 홍차 넣은 거 아닌가요?,메뉴문의,29
유자레몬티는 뭔가요?,메뉴문의,29
따뜻한 거는 유자레몬티밖에 없나요?,메뉴문의,29
블랙티랑 프렌치 얼그레이가 어떻게 다른가요?,메뉴문의,29
에스프레소는 샷이 몇 개 들어가나요?,에스프레소샷개수문의,62
어느 카드가 적립되나요?,쿠폰멤버십적립문의,101
LG카드는 적립이 안 되나요?,쿠폰멤버십적립문의,101
뜨거운 물 한 잔 받을 수 있을까요?,뜨거운차가운물요구,23
에스프레소에 물이 얼마나 들어가나요?,메뉴문의,29
텀블러 가져오면 할인 되나요?,텀블러할인문의,104
텀블러 가져오면 테이크 아웃 할 때도 똑같이 할인 되나요?,테이크아웃할인문의,109
매장에서 텀블러를 사용하면요?,텀블러할인문의,104
에스프레소와 콘파냐의 차이가 뭔가요?,메뉴문의,29
아포카토는 뭐예요?,메뉴문의,29
주로 많이 나가는 제품은 어떤 것인가요?,메뉴추천요구,32
혹시 다 못 마시면 어떻게 하나요?,테이크아웃문의,105
여기 주차는 가능 한가요?,주차문의,95
"사장님, 여기 화장실이 어디에 있나요?",화장실위치문의,124
"사장님, 다 못 마신 음료 포장 좀 해주시겠어요?",테이크아웃문의,105
빨대 하나 가져가도 될까요?,빨대,45
잘 나가는 커피가 무엇인가요?,메뉴추천요구,32
더치 커피하고 허니 더치 라떼의 차이점이 있나요?,메뉴문의,29
에스프레소하고 아메리카노의 차이점은 뭐예요?,메뉴문의,29
아메리카노 샷이 얼마나 들어가나요?,에스프레소샷개수문의,62
시럽이나 휘핑 추가 가능한가요?,옵션추가요구,69
할인되는 카드 있나요?,일반주문,81
도장 10개면 한 잔 주시는 건가요?,쿠폰멤버십적립문의,101
아메리카노도 잘 나가나요?,메뉴문의,29
아메리카노에 샷 추가하고 시럽도 조금 추가해 주세요,에스프레소샷개수요구,63
"네, 혹시 다 못 마시면 어떻게 하나요?",테이크아웃문의,105
영수증 좀 주시면 안될까요?,영수증요청,66
커피랑 같이 먹을 수 있는 디저트류는 없나요?,메뉴문의,29
이건 가격이 얼마예요?,가격문의,2
핸드폰 충전 가능한가요?,핸드폰충전요청,119
이거 다 못 마셔서 그런데 포장 좀 해주세요,테이크아웃문의,105
화장실이 어디 있나요?,화장실위치문의,124
커피는 종류가 어떻게 있나요?,메뉴문의,29
아메리카노랑 헤이즐넛 아메리카노의 차이가 뭐예요?,메뉴문의,29
꿀 아메리카노는 뭐예요?,메뉴문의,29
메가리카노는 뭐예요?,메뉴문의,29
샷 추가하면 돈이 얼마 추가 되나요?,옵션추가요구,69
원두의 원산지가 어딘가요?,원두인스턴트커피로스팅문의,73
카페 라떼는 당도가 어느 정도 인가요?,메뉴문의,29
연유 라떼는 당도가 어느 정도 인가요?,메뉴문의,29
음료 컵 사이즈는 3가지 인가요?,사이즈문의,47
따뜻한 아메리카노 한 잔 주세요,일반주문,81
카드 되나요?,일반주문,81
적립 카드 있는데 적립 가능한가요?,일반주문,81
음식 포장한 거 있는데 매장에서 음료랑 같이 먹어도 되나요?,기타문의,7
화장실은 어디에 있나요?,화장실위치문의,124
영업 시간이 어떻게 되나요?,영업시간문의,67
따뜻한 음료 중에는 뭐가 잘 나가나요?,메뉴추천요구,32
당도가 어느 정도인가요?,메뉴문의,29
화이트 카페 모카하고 카라멜 카페 모카의 차이점이 뭐예요?,메뉴문의,29
유자티는 컵 사이즈가 어떻게 되나요?,사이즈문의,47
유자에이드는 뭐예요?,메뉴문의,29
"따뜻한 유자티 한 잔 더 뜨겁게 주세요, 카드 되나요?",일반주문,81
적립되는 카드 있나요?,일반주문,81
이 근처에 서점이 있나요?,주변시설,93
매장에서 먹고 갈 수 있나요?,일반주문,81
여기 체인점인가요?,기타문의,7
카라멜 마끼아또랑 카페 라떼의 차이점이 뭐예요?,메뉴문의,29
에스프레소랑 아메리카노의 차이가 뭐예요?,메뉴문의,29
아메리카노에는 샷이 몇 개 들어가요?,에스프레소샷개수문의,62
컵 사이즈는 몇 종류가 있어요?,사이즈문의,47
컵 사이즈별 가격이 어떻게 되나요?,가격문의,2
다 못 마시고 가면 포장 가능한가요?,테이크아웃문의,105
아메리카노 작은 사이즈로 한 잔 주시겠어요?,일반주문,81
할인되는 카드 있나요?,할인문의,116
화장실은 어디에 있나요?,화장실위치문의,124
다 못마신 음료 포장 좀 해주시겠어요?,테이크아웃문의,105
완전 초코는 뭐예요?,메뉴문의,29
피스타치오는 차가운 음료인가요?,메뉴문의,29
다방 커피같은 음료 있나요?,메뉴문의,29
원조 커피 한 잔 주세요,일반주문,81
그거 우유 들어가는 거 맞죠?,메뉴문의,29
영수증 줄 수 있나요?,영수증요청,66
적립 쿠폰도 있나요?,쿠폰멤버십적립문의,101
다른 지점이랑은 다른 쿠폰인가요?,쿠폰멤버십적립문의,101
시럽은 어디 있어요?,시럽,51
빈 컵은 어디 두나요?,식기류쟁반반납,57
아까 시킨 메뉴 이름이 뭐예요?,메뉴문의,29
햄에그치아버터랑 크로크마담은 재료가 뭐예요?,메뉴문의,29
구워서 하시는거예요?,메뉴문의,29
와플은 시간이 20분 걸리나요?,메뉴문의,29
다른 곳도 이렇게 20분씩 걸리나요?,메뉴문의,29
물은 어디에 있나요?,뜨거운차가운물요구,23
제가 아까 영수증 안받았는데,영수증요청,66
주차 확인 쿠폰이 필요한가요?,주차권주차도장요구,94
물티슈 하나 더 받을 수 있을까요?,물티슈요구,38
빈 그릇은 여기에 두면 되나요?,식기류쟁반반납,57
카푸치노랑 카페 모카랑 뭐가 다른가요?,메뉴문의,29
카페 모카에서 휘핑 크림을 뺄 수 있나요?,옵션추가요구,69
이 쿠폰은 반드시 이 메뉴를 먹어야 하나요?,기프티콘쿠폰멤버십메뉴변경문의,10
쿠폰이랑 다른 메뉴가 가격이 다르면 어떻게 하나요?,기프티콘쿠폰멤버십메뉴변경문의,10
매장에서 다 못먹으면 어떻게 하나요?,테이크아웃문의,105
카푸치노 한 잔 주시겠어요?,일반주문,81
금액이 클 때는 남은 금액 저장을 하면 안 되나요?,기프티콘쿠폰멤버십메뉴변경문의,10
크림 치즈 베이글은 어떻게 나오나요?,조리요구,88
먹다가 남으면 포장 가능한가요?,테이크아웃문의,105
해피포인트 적립 되나요?,일반주문,81
물 컵 따로 있나요?,물물컵,36
2층에도 종이컵이 있나요?,시설문의,54
커피 주문 해도 될까요?,일반주문,81
이 가게는 테이크 아웃 전문점이가요?,기타문의,7
라떼 종류는 다 단가요?,메뉴문의,29
카페 라떼는 우유만 들어가나요?,메뉴문의,29
카푸치노는 뭐예요?,메뉴문의,29
카페 모카는 뭐예요?,메뉴문의,29
카푸치노 한 잔 주시겠어요?,일반주문,81
"네, 다른 사이드 메뉴는 없나요?",주문가능여부문의,90
이 집은 따로 쿠폰같은게 없어요?,쿠폰멤버십적립문의,101
카푸치노 한 잔 주시겠어요?,일반주문,81
현금 영수증 되나요?,일반주문,81
고구마 라떼의 고구마를 오븐에 직접 구워서 하나요?,메뉴문의,29
카페 모카도 텀블러에 담아갈 수 있나요?,텀블러사용,103
카페 모카가 많이 달아요?,메뉴문의,29
카페 모카는 얼마인가요?,가격문의,2
영수증 줄 수 있나요?,영수증요청,66
오곡 라떼는 뭔가요?,메뉴문의,29
치즈 케이크도 파나요?,주문가능여부문의,90
디카페인은 뭔가요?,메뉴문의,29
아메리카노보다 맛이 연한가요?,메뉴문의,29
아메리카노도 디카페인으로 주문할 수 있어요?,메뉴문의,29
아메리카노를 디카페인으로 주세요,일반주문,81
콜드브루 파나요?,주문가능여부문의,90
콜드브루랑 아메리카노랑 뭐가 달라요?,메뉴문의,29
주차장은 어디인가요?,주차문의,95
더치 커피 있나요?,주문가능여부문의,90
더치 커피는 큰 사이즈가 얼마예요?,가격문의,2
콜드브루도 더치 커피처럼 병에 담아 파나요?,메뉴문의,29
바닐라 라떼랑 토피넛 라떼 중 뭐가 더 잘나가나요?,메뉴문의,29
바닐라 라떼랑 토피넛 라떼 중 뭐가 더 달아요?,메뉴문의,29
바닐라 라떼랑 토피넛 라떼의 차이가 뭐예요?,메뉴문의,29
질소 커피는 뭐예요?,메뉴문의,29
바닐라 라떼 한 잔 주시겠어요?,일반주문,81
텀블러 할인은 200원인가요?,텀블러할인문의,104
토피넛 라떼는 회사 내에서 만드는 건가요?,MD제품문의,1
주차장은 어디인가요?,주차문의,95
텀블러에 넣으면 양이 적어지나요?,텀블러사용,103
콜드브루 커피 있나요?,주문가능여부문의,90
콜드브루랑 아메리카노랑 뭐가 달라요?,메뉴문의,29
텀블러에 담아주실 수 있나요?,텀블러사용,103
콜드브루 한 잔 주시겠어요?,일반주문,81
콜드브루 라떼에는 설탕이 많이 들어가나요?,메뉴문의,29
콜드브루 라떼는 뭐예요?,메뉴문의,29
콜드 브루 라떼 한 잔 주시겠어요?,일반주문,81
콜드브루가 일반 커피보다 맛이 나은가요?,메뉴문의,29
영수증 줄 수 있나요?,영수증요청,66
차는 어디에 세울 수 있어요?,주차문의,95
공영주차장은 무료인가요?,주차문의,95
여기 하신지 오래되셨나요?,기타문의,7
텀블러 할인 있나요?,텀블러할인문의,104
진열된 상품은 뭐예요?,메뉴추천요구,32
프라페는 얼마인가요?,가격문의,2
프랜차이즈점 인가요?,기타문의,7
아메리카노 한 잔 주시겠어요?,일반주문,81
매장에서 먹고 가도 되나요?,매장이용문의,26
이 텀블러에 음료가 다 들어가나요?,텀블러사용,103
얼마인가요?,가격문의,2
차는 어디에 세울 수 있어요?,주차문의,95
진저라떼는 뭔가요?,메뉴문의,29
겨울이어서 생강 종류가 많은 건가요?,메뉴문의,29
카드보다는 현금이 더 나은가요?,일반주문,81
얼마인가요?,일반주문,81
테이크 아웃으로 하면 얼마인가요?,테이크아웃할인문의,109
진저라떼에 꿀이나 설탕 들어가나요?,메뉴문의,29
생강청은 얼마인가요?,가격문의,2
영수증 좀 받을 수 있을가요?,영수증요청,66
콜드브루 있나요?,주문가능여부문의,90
쿠키는 얼마예요?,가격문의,2
아메리카노 따뜻한 거 한 잔 주시겠어요?,일반주문,81
오픈 시간이 언젠가요?,영업시간문의,67
영수증 좀 주실래요?,영수증요청,66
차는 어디에 세울 수 있어요?,주차문의,95
따뜻한 물 한 잔 주시겠어요?,뜨거운차가운물요구,23
텀블러 할인 있나요?,텀블러할인문의,104
콜드브루랑 아메리카노랑 뭐가 달라요?,메뉴문의,29
디카페인은 카페인이 없는 거예요?,메뉴문의,29
디카페인보다 보통 커피가 더 진한가요?,메뉴문의,29
아메리카노에 샷이 몇 개 들어가나요?,에스프레소샷개수문의,62
차는 어디에 세울 수 있어요?,주차문의,95
아메리카노 하나 주시겠어요?,일반주문,81
텀블러 할인 있나요?,텀블러할인문의,104
디저트는 어떻게 만드나요?,메뉴문의,29
타르트에 있는 딸기는 생딸기 인가요?,메뉴문의,29
저쪽에 있는 텀블러는 주문 제작하는 건가요?,MD제품문의,1
로스터리 커피는 뭔가요?,메뉴문의,29
로스터리 커피는 맛이 좋은가요?,메뉴문의,29
아메리카노 한 잔 텀블러에 담아주세요,일반주문,81
아메리카노 한 잔 얼마예요?,가격문의,2
텀블러 할인되나요?,텀블러할인문의,104
샷은 원샷이 들아가나요?,에스프레소샷개수문의,62
영수증 하나 주실래요?,영수증요청,66
아무 데나 앉아도 되죠?,매장이용문의,26
납품도 하나요?,납품문의,14
텀블러 할인은 얼마예요?,텀블러할인문의,104
커피잔도 다 파시는 거예요?,판매여부문의,113
차는 어디에 세워요?,주차문의,95
아보카도는 그 것만 갈아서 주시는 거예요?,메뉴문의,29
아보카도 하나 주세요,일반주문,81
테이크 아웃하면 가격이 더 저렴한가요?,테이크아웃할인문의,109
차는 어디에 세워요?,주차문의,95
십구곡라떼가 신제품인가요?,신메뉴문의,58
십구곡라떼에 정말 19가지 곡물이 들어가요?,메뉴문의,29
커피 말고 차 종류는 뭐가 있나요?,메뉴문의,29
생강차는 설탕이 많이 들어가나요?,메뉴문의,29
녹차라떼는 많이 달아요?,메뉴문의,29
녹차라떼 덜 달게 하나 주시겠어요?,일반주문,81
영수증 하나 주실래요?,영수증요청,66
영수증 하나 주실래요?,영수증요청,66
텀블러 할인 있나요?,텀블러할인문의,104
반반주스 맛있어요?,메뉴문의,29
수제차는 직접 만드신 거예요?,메뉴문의,29
반반주스 하나 주시겠어요?,일반주문,81
영수증 하나 주실래요?,영수증요청,66
와인에이드가 뭐예요?,메뉴문의,29
주스에 망고하고 뭐가 들어가요?,메뉴문의,29
어떤 커피가 잘나가요?,메뉴추천요구,32
하우스 블렌딩은 뭐예요?,메뉴문의,29
약간 산미 나는 걸로 한 잔 주실래요?,일반주문,81
마시고 가면 얼마예요?,일반주문,81
영수증 하나 주실래요?,영수증요청,66
차는 어디에 세울 수 있어요?,주차문의,95
휴지 조금 더 가져갈 수 있을까요?,휴지요구,128
휴지 많이 가져가도 되나요?,휴지요구,128
휴지 더 주실 수 있나요?,휴지요구,128
휴지 좀 더 주실 수 있으세요?,휴지요구,128
휴지 좀 주세요,휴지요구,128
휴지 통으로 부탁합니다,휴지요구,128
휴지 조금만 챙겨주세요,휴지요구,128
휴지 더 챙겨주시면 안될까요?,휴지요구,128
휴지 더 많이 주시면 안돼요?,휴지요구,128
쉬는 날이 언제인지 알 수 있을까요?,휴일문의,127
화장실에 휴지가 다 떨어졌어요,화장실휴지비치문의,126
화장실에 휴지 없는데 좀 주실래요?,화장실휴지비치문의,126
화장실에 휴지가 없어요,화장실휴지비치문의,126
화장실에 휴지가 있나요?,화장실휴지비치문의,126
화장실에 휴지를 가져가야 되나요?,화장실휴지비치문의,126
휴지는 화장실에 있죠?,화장실휴지비치문의,126
화장실 안에 휴지 있습니까?,화장실휴지비치문의,126
화장실 안에 화장지 있죠?,화장실휴지비치문의,126
화장실에 화장지가 비치되어 있어요?,화장실휴지비치문의,126
화장실은 어디 있나요?,화장실이용문의,125
화장실 사용 가능한가요?,화장실이용문의,125
화장실에 키를 가져가야 하나요?,화장실이용문의,125
화장실 이용은 어떻게 합니까?,화장실이용문의,125
화장실 이용 가능한가요?,화장실이용문의,125
화장실은 어떻게 이용합니까?,화장실이용문의,125
화장실 몇 층에 있나요?,화장실이용문의,125
화장실 공용 화장실이에요?,화장실이용문의,125
화장실 쓰려면 비밀번호가 따로 필요한가요?,화장실비밀번호문의,123
화장실 비밀번호 어디 적혀 있나요?,화장실비밀번호문의,123
화장실 비밀번호 좀 알려주세요,화장실비밀번호문의,123
화장실 비밀번호가 뭐에요?,화장실비밀번호문의,123
화장실 가려면 비밀번호를 알아야 하나요?,화장실비밀번호문의,123
화장실 비밀번호가 뭐죠?,화장실비밀번호문의,123
화장실에 비밀번호가 있어요?,화장실비밀번호문의,123
화장실 패스워드는 뭔가요?,화장실비밀번호문의,123
현금영수증 해 주시겠어요?,현금영수증요청,122
현금영수증 사업자로 해 주세요,현금영수증요청,122
현금영수증 번호 불러 드릴게요,현금영수증요청,122
현금영수증 해주실 수 있나요?,현금영수증요청,122
현금영수증도 같이 주세요,현금영수증요청,122
현금영수증 부탁드릴게요,현금영수증요청,122
현금영수증도 부탁합니다,현금영수증요청,122
현금영수증 발급 해주세요,현금영수증요청,122
현금영수증 지금 가능한가요?,현금영수증문의,121
현금영수증 되죠?,현금영수증문의,121
현금영수증 사업자로 할 수 있죠?,현금영수증문의,121
현금영수증 해주시겠어요?,현금영수증문의,121
현금영수증도 가능하죠?,현금영수증문의,121
현금영수증도 같이 해주세요,현금영수증문의,121
현금영수증 되는거죠?,현금영수증문의,121
현금영수증 발급 가능하죠?,현금영수증문의,121
현금영수증 사업자로 가능하죠?,현금영수증문의,121
현금영수증 사업자로 해 주세요,현금영수증,120
어제 결제한 거 현금영수증 가능해요?,현금영수증,120
현금영수증 안 되나요?,현금영수증,120
현금영수증도 해주세요,현금영수증,120
현금영수증 할 수 있죠?,현금영수증,120
현금영수증도 주실 수 있나요?,현금영수증,120
현금영수증 부탁하겠습니다,현금영수증,120
현금영수증 가능할까요?,현금영수증,120
현금영수증 사업자로 할게요,현금영수증,120
핸드폰 충전 가능합니까?,핸드폰충전요청,119
핸드폰 배터리 충전 가능할까요?,핸드폰충전요청,119
여기 핸드폰 충전할 수 있나요?,핸드폰충전요청,119
혹시 핸드폰 충전기 있어요?,핸드폰충전요청,119
핸드폰 충전 맡길 수 있을까요?,핸드폰충전요청,119
핸드폰 충전기 있으신가요?,핸드폰충전요청,119
휴대전화기 충전 좀 하고 싶은데 가능합니까?,핸드폰충전요청,119
적립은 번호로 해도 되나요?,핸드폰번호이용적립,118
적립 카드를 안 가지고 왔는데 번호로 해 주실 수 있나요?,핸드폰번호이용적립,118
번호로 적립할 수 있어요?,핸드폰번호이용적립,118
핸드폰 번호로 적립할 수 있나요?,핸드폰번호이용적립,118
핸드폰 번호로 적립해주세요,핸드폰번호이용적립,118
번호로 적립할 수 있죠?,핸드폰번호이용적립,118
핸드폰 번호로 적립 가능합니까?,핸드폰번호이용적립,118
폰 번호로 적립 가능해요?,핸드폰번호이용적립,118
적립은 핸프폰 번호로 하면 되나요?,핸드폰번호이용적립,118
음료는 어디서 받아야 돼요?,픽업문의,115
진동벨로 알려주시는 거죠?,픽업문의,115
가져가는 곳이 따로 있는 건가요? ,픽업문의,115
주문한 음식은 어디서 받아요? ,픽업문의,115
음료 어디서 받아가는 거예요?,픽업문의,115
음식 받는 건 진동벨로 알려주나요? ,픽업문의,115
음료는 가지러 오면 되나요?,픽업문의,115
주문한 음료는 어디서 받아가요?,픽업문의,115
주문 번호를 불러주시나요?,픽업문의,115
포인트 충전도 할게요,포인트충전,114
포인트 충전해주시겠어요?,포인트충전,114
포인트 충전할 수 있죠?	,포인트충전,114
포인트 충전해주실래요?,포인트충전,114
이 다이어리는 파는 건가요?,판매여부문의,113
원두도 파시는 거예요?,판매여부문의,113
텀블러는 파는 건가요?,판매여부문의,113
혹시 티백도 판매하시나요?,판매여부문의,113
담요도 판매하시는 건가요?,판매여부문의,113
원두도 살 수 있나요?,판매여부문의,113
전시된 상품도 판매하시나요?,판매여부문의,113
앞에 있는 텀블러도 판매 하는 건가요?,판매여부문의,113
원두만 따로 구매 가능합니까?,판매여부문의,113
위에 휘핑크림 빼주시겠어요?,특정재료추가요구,112
시나몬 가루 뺄 수 있어요? ,특정재료추가요구,112
민트 시럽 넣어주실 수 있죠? ,특정재료추가요구,112
타피오카펄 더 넣어주시면 안 돼요?,특정재료추가요구,112
위에 휘핑크림 안 올릴 수 있죠?,특정재료추가요구,112
생크림은 빼주실 수 있어요?,특정재료추가요구,112
시나몬 가루 올려주실 수 있나요?,특정재료추가요구,112
견과류는 빼주세요,특정재료추가요구,112
견과류는 빼주실래요?,특정재료추가요구,112
다른 원두는 없어요?,특정원두요구,110
고소한 원두가 따로 있나요?,특정원두요구,110
기존 원두 말고 다른 걸로 선택 가능하죠?,특정원두요구,110
신 맛이 없는 원두로 가능할까요?,특정원두요구,110
브라질 원두로 변경할 수 있나요?,특정원두요구,110
많이 쓴 원두로 해주실 수 있나요?,특정원두요구,110
테이크아웃하면 더 비싼가요?,테이크아웃용기추가금액문의,108
테이크아웃하면 추가 금액이 얼마입니까?,테이크아웃용기추가금액문의,108
나가서 먹을건데 추가 금액이 있나요?,테이크아웃용기추가금액문의,108
테이크아웃은 추가 금액이 있나요?,테이크아웃용기추가금액문의,108
테이크아웃 컵이 하나 더 필요한데 금액이 추가되나요?,테이크아웃용기추가금액문의,108
테이크아웃 용기를 사용하면 금액을 더 내야되나요?,테이크아웃용기추가금액문의,108
테이크아웃 하면 돈 추가돼요?,테이크아웃용기추가금액문의,108
캐리어에 닮으려면 금액이 추가돼요?,테이크아웃용기추가금액문의,108
테이크아웃 용기로 부탁해요,테이크아웃용기요청,107
테이크아웃하게 1회용 용기로 부탁드립니다,테이크아웃용기요청,107
가지고 나갈거라 용기에 담아주세요,테이크아웃용기요청,107
테이크아웃 컵을 하나 더 주실 수 있나요?,테이크아웃용기요청,107
테이크아웃 컵에 주실 수 있나요?,테이크아웃용기요청,107
잠깐만 있다가 나갈건데 테이크아웃 용기에 주시면 안될까요?,테이크아웃용기요청,107
가지고 나가려는데 테이크아웃 용기로 부탁합니다,테이크아웃용기요청,107
테이크아웃 할 건데 캐리어도 부탁합니다,테이크아웃용기요청,107
사서 가지고 나갈건데 용기에 담아주세요,테이크아웃용기요청,107
테이크아웃 하겠습니다,테이크아웃요구,106
사서 가져나갈게요,테이크아웃요구,106
가면서 먹을 거에요,테이크아웃요구,106
테이크아웃 해주세요,테이크아웃요구,106
테이크아웃 해주시겠어요?,테이크아웃요구,106
가져갈 거에요,테이크아웃요구,106
가지고 나갈 겁니다,테이크아웃요구,106
테이크아웃 부탁합니다,테이크아웃요구,106
가면서 먹을 거라 테이크아웃 해주세요,테이크아웃요구,106
쿠폰 찍어줘요?,쿠폰문의,102
쿠폰은 따로 없나요?,쿠폰문의,102
쿠폰 있어요?,쿠폰문의,102
쿠폰 있죠?,쿠폰문의,102
쿠폰 만들 수 있나요? ,쿠폰문의,102
쿠폰 몇 개 모아야 음료가 무료에요?,쿠폰문의,102
쿠폰 하나 더 만들 수 있나요?,쿠폰문의,102
쿠폰을 다 모았는데 사용할 수 있나요?,쿠폰문의,102
쿠폰은 언제까지 사용할 수 있나요?,쿠폰문의,102
노트북 쓰려고 하는데 콘센트 있는 자리가 어디예요?,콘센트자리문의,100
자리에 있는 콘센트가 안 되는데 확인해 주실래요?,콘센트자리문의,100
콘센트 있는 자리 하나밖에 없어요?,콘센트자리문의,100
콘센트 있는 자리가 어디에요?,콘센트자리문의,100
혹시 콘센트 있는 자리가 있나요?,콘센트자리문의,100
콘센트 자리는 2층에만 있나요?,콘센트자리문의,100
전기 꽂을 수 있는 자리 어디에 있어요?,콘센트자리문의,100
콘센트 전용 자리가 있어요?,콘센트자리문의,100
컵 하나만 주세요,컵요구,99
컵 따로 주실 수 없어요?,컵요구,99
덜어 마시게 컵 좀 주세요,컵요구,99
물컵도 같이 주시겠어요?,컵요구,99
컵도 하나 주실 수 있나요?,컵요구,99
운전해야 해서 그러는데 캐리어에 넣어주시겠어요?,캐리어요구,98
캐리어도 같이 주세요,캐리어요구,98
캐리어에 담아주실래요?,캐리어요구,98
캐리어에 넣어주시는 거죠?,캐리어요구,98
캐리어에 담아서 주세요,캐리어요구,98
캐리어에 넣어 주시겠어요?,캐리어요구,98
캐리어에 넣어주세요,캐리어요구,98
캐리어도 주시겠어요?,캐리어요구,98
캐리어에 넣어 주시면 안 될까요?,캐리어요구,98
그 카드로 결제가 안 되나요?,카드결제(카드오류상황),97
카드가 부러졌나요?,카드결제(카드오류상황),97
카드가 계속 안 되던데 한 번 확인해 주실래요?,카드결제(카드오류상황),97
결제가 잘 안되나요?,카드결제(카드오류상황),97
결제가 왜 안되나요?,카드결제(카드오류상황),97
카드에 문제가 있나요?,카드결제(카드오류상황),97
카드 결제 안 되는 건가요?,카드결제(카드오류상황),97
카드 결제 안 되면 현금으로 지급해야 합니까?,카드결제(카드오류상황),97
카드 결제 언제부터 됩니까?,카드결제(카드오류상황),97
혹시 체인점인가요?,체인점문의,96
이 동네에는 점포가 여기 뿐인가요?,체인점문의,96
체인점이 맞나요?,체인점문의,96
체인점 내고 싶은데 가능한가요?,체인점문의,96
체인점 상호는 어떻게 됩니까?,체인점문의,96
가맹점도 모집하고 있습니까?,체인점문의,96
다른 곳도 체인점으로 점포 운영하고 있나요?,체인점문의,96
주차했는데 주차권 주실래요?,주차권주차도장요구,94
주차권 어디서 받을 수 있어요?,주차권주차도장요구,94
주차 도장 좀 찍어 주실래요?,주차권주차도장요구,94
주차권 주시나요?,주차권주차도장요구,94
주차권 주시겠어요?,주차권주차도장요구,94
주차권 주시죠?,주차권주차도장요구,94
근처에 공원 같은 곳이 있나요?,주변시설,93
근처 상가 구역은 어디로 가야 하나요?,주변시설,93
근처에 밥 먹을 수 있는 곳이 있나요?,주변시설,93
가장 가까운 지하철역이 뭐에요?,주변시설,93
혹시 근처에 편의점 있나요?,주변시설,93
주변에 버스 정류장이 있을까요?,주변시설,93
주문 취소할 수 있어요?,주문취소,92
주문 취소할게요,주문취소,92
케이크 주문 하나 취소할게요,주문취소,92
아메리카노 한 잔은 취소해주세요,주문취소,92
급한 일이 생겨서 주문 취소해주세요,주문취소,92
혹시 주문 취소할 수 있을까요?,주문취소,92
지금 주문 안 들어갔으면 취소하겠습니다,주문취소,92
방금 주문한 거 취소 가능할까요?,주문취소,92
주문했던 거 취소 부탁합니다,주문취소,92
지금도 빙수 주문 가능한가요?,주문가능여부,89
과일 음료 주문할 수 있어요?,주문가능여부,89
지금 주문할 수 있어요?,주문가능여부,89
티도 아이스로 주문할 수 있나요?,주문가능여부,89
에스프레소도 주문 가능한가요?,주문가능여부,89
조금만 갈아서 주세요,제조방법,86
자바칩 갈지 말고 통으로 넣어 주세요,제조방법,86
생크림 올리지 말아 주세요,제조방법,86
자몽스무디는 자몽을 갈아서 넣어주시나요?,제조방법,86
플레인스무디에는 진짜 요거트가 들어가나요?,제조방법,86
레몬티는 티백으로 제조 하나요?,제조방법,86
에이드는 어떻게 제조하나요?,제조방법,86
키위 주스는 키위액 넣으면서 제조하나요?,제조방법,86
딸기 주스에 생딸기가 들어가나요? ,재료문의,85
블루베리 주스는 냉동 블루베리가 들어가는 건가요?,재료문의,85
바닐라라테에 시나몬 가루 들어가요? ,재료문의,85
민트초코칩 프라푸치노에 민트 시럽도 들어가는 거죠?,재료문의,85
그린티 프라푸치노 위에 휘핑크림 올라가요?,재료문의,85
생과일 주스는 냉동 과일을 사용하나요?,재료문의,85
요거트스무디는 파우더로 만드나요?,재료문의,85
오레오 음료에는 진짜 오레오 과자가 들어가나요?,재료문의,85
일회용 포크 좀 주실래요?,일회용포크나이프요구,83
일회용 나이프 좀 주실래요?,일회용포크나이프요구,83
일회용 포크랑 나이프 주세요,일회용포크나이프요구,83
포크도 같이 포장해주실 수 있나요?,일회용포크나이프요구,83
나이프도 넣어주세요,일회용포크나이프요구,83
포크는 4개 넣어주세요,일회용포크나이프요구,83
일회용 나이프 2개 부탁합니다,일회용포크나이프요구,83
일회용 포크 3개 부탁해요,일회용포크나이프요구,83
나이프랑 포크 일회용으로 부탁드립니다,일회용포크나이프요구,83
일회용 컵 또 받을 수 있어요?,일회용컵요구,82
일회용 컵 살 수 있나요?,일회용컵요구,82
일회용 컵 하나만 주실래요?,일회용컵요구,82
일회용 컵 하나 더 주실 수 있나요?,일회용컵요구,82
일회용 컵 좀 주시겠어요?,일회용컵요구,82
일회용 컵을 몇 개 더 주면 안될까요?,일회용컵요구,82
일회용 컵 부탁합니다,일회용컵요구,82
일회용 컵 좀 부탁하겠습니다,일회용컵요구,82
욀회용 컵 5개만 주세요,일회용컵요구,82
아이스아메리카노 한 잔 주세요,일반주문,81
초코케이크 하나 주세요,일반주문,81
스무디 한 잔 주실래요?,일반주문,81
아이스 라테 한 잔 주세요,일반주문,81
치아바타 하나 주세요,일반주문,81
마카롱 다섯 개 주세요,일반주문,81
에스프레소 한 잔 주세요,일반주문,81
치즈케이크 하나 주문할게요,일반주문,81
인테넷에서 구매할 수 있어요?,인터넷판매문의,80
온라인상에서 구매할 수 있습니까?,인터넷판매문의,80
온라인으로 판매하세요?,인터넷판매문의,80
홈페이지에서 구입할 수 있나요?,인터넷판매문의,80
혹시 홈페이지에서 살 수 있을까요?,인터넷판매문의,80
인터넷에서도 판매하고 있어요?,인터넷판매문의,80
인터넷에서 원두 구매 가능합니까?,인터넷판매문의,80
인터넷 판매는 택배로 배송해 주시나요?,인터넷판매문의,80
여기서 제일 잘 나가는 메뉴가 뭐에요?,인기메뉴문의,79
어떤 메뉴가 제일 잘 나가요?,인기메뉴문의,79
인기 많은 메뉴가 뭡니까?,인기메뉴문의,79
가장 인기있는 음료가 뭐에요?,인기메뉴문의,79
제일 잘 나가는 샌드위치가 뭐죠?,인기메뉴문의,79
제일 인기 있는 메뉴가 뭡니까?,인기메뉴문의,79
커피 중에서는 어떤 게 제일 잘 나갑니까?,인기메뉴문의,79
지금도 아메리카노 할인 이벤트 하고 있나요?,이벤트문의,78
전에 하던 텀블러 이벤트 끝났나요?,이벤트문의,78
세트 할인 이벤트 끝났나요?,이벤트문의,78
텀블러 할인 이벤트 아직도 하나요?,이벤트문의,78
샌드위치 원 플러스 원 이벤트 끝났나요?,이벤트문의,78
아메리카노 테이크아웃 할인 이벤트는 언제까지에요?,이벤트문의,78
지금 진행하고 있는 이벤트는 뭐가있습니까?,이벤트문의,78
따뜻한 걸로 주문했는데 차가운 걸로 나왔습니다,음식이주문과다른경우,77
당근 케이크를 주문했는데 쇼콜라 케이크로 나왔는데요? ,음식이주문과다른경우,77
딸기 말고 초코로 주문했는데 확인해 주실래요?,음식이주문과다른경우,77
치아바타를 주문했는데 베이글이 나왔어요,음식이주문과다른경우,77
아이스로 주문했는데 잘 못 나왔어요,음식이주문과다른경우,77
아메리카노를 주문했는데 라떼가 나왔네요,음식이주문과다른경우,77
커피 주문한 거 말고 다른 게 나왔습니다 ,음식이주문과다른경우,77
음료가 잘못 나왔습니다,음식이주문과다른경우,77
치즈 케이크를 시켰는데 초코케이크가 잘못 나왔습니다,음식이주문과다른경우,77
음료에서 이상한 게 씹힙니다,음식에이물질이있는경우,76
주문한 빵에서 이물질이 나왔습니다,음식에이물질이있는경우,76
주문한 음료에서 이물질이 나왔습니다,음식에이물질이있는경우,76
빵에 머리카락이 들어가 있어요,음식에이물질이있는경우,76
음료에 날파리가 들어간 것 같은데요,음식에이물질이있는경우,76
빵에 이상한 게 있는거 같아요,음식에이물질이있는경우,76
음료에 머리카락이 들어있는데 확인 부탁합니다,음식에이물질이있는경우,76
음료에 벌레가 들어가 있습니다,음식에이물질이있는경우,76
음료에 이상한 철 수세미 같은 게 들어있습니다,음식에이물질이있는경우,76
레몬차 너무 뜨겁지 않게 한 잔 주시겠어요?,음료온도요구,75
카푸치노도 차갑게 할 수 있나요?,음료온도문의,74
카페모카는 따뜻하게만 되나요?,음료온도문의,74
스무디는 차가운 음료인가요?,음료온도문의,74
음료 온도는 어느 정도입니까?,음료온도문의,74
음료 온도를 좀 더 차갑게 가능할까요?,음료온도문의,74
스무디를 따뜻한 온도로 데워주실 수 있어요?,음료온도문의,74
홍자는 차갑게도 가능한가요?,음료온도문의,74
고구마 라떼는 뜨겁게 나오는 음료 인가요?,음료온도문의,74
아메리카노 좀 더 뜨겁게 해 주실 수 있나요?,음료온도문의,74
원두 브라질산입니까?,원두원산지문의,72
원두 어디 거로 사오세요?,원두원산지문의,72
에티오피아산 원두입니까?,원두원산지문의,72
아메리카노 원두는 어디 거죠?,원두원산지문의,72
원두 어디 거 쓰시나요?,원두원산지문의,72
원두 원산지는 남미 쪽 인가요?,원두원산지문의,72
원두 원산지는 어디 거에요?,원두원산지문의,72
여기에 휘핑크림 더 뿌릴 수 있어요?,옵션추가문의,68
크림 추가 가능한가요?,옵션추가문의,68
휘핑크림 옵션 추가돼요?,옵션추가문의,68
초코 시럽 뿌려주실 수 있나요?,옵션추가문의,68
휘핑크림 추가할 수 있나요?,옵션추가문의,68
혹시 견과류를 더 올려주실 수 있나요?,옵션추가문의,68
죠리퐁 더 얹어주실 수 있어요?,옵션추가문의,68
옵션 추가는 어떤 게 가능합니까?,옵션추가문의,68
팥이 더 먹고 싶은데 옵션으로 추가해야 합니까?,옵션추가문의,68
주말 영업 시간이 어떻게 돼요?,영업시간문의,67
공휴일은 영업 시간이 다른가요?,영업시간문의,67
몇 시부터 몇 시까지 하세요?,영업시간문의,67
언제까지 영업하나요?,영업시간문의,67
몇 시에 오픈하나요?,영업시간문의,67
영업 시간은 매일 같은가요?,영업시간문의,67
몇 시부터 몇 시까지 영업하시나요?,영업시간문의,67
영업시간은 보통 언제까지입니까?,영업시간문의,67
영수증 필요없어요,영수증버리기,65
영수증은 버려 주실래요?,영수증버리기,65
영수증 안 주셔도 돼요,영수증버리기,65
영수증은 괜찮아요,영수증버리기,65
영수증 버려주세요,영수증버리기,65
죄송하지만 영수증 좀 버려주시겠어요?,영수증버리기,65
영수증은 괜찮습니다,영수증버리기,65
영수증은 좀 버려주세요,영수증버리기,65
영수증 주시겠어요?,영수증문의,64
영수증도 챙겨주세요,영수증문의,64
영수증 같이 주세요,영수증문의,64
영수증 주실 수 있나요?,영수증문의,64
영수증 챙겨주세요,영수증문의,64
영수증 발행도 가능합니까?,영수증문의,64
영수증 뽑아주실 수 있으세요?,영수증문의,64
영수증은 음료 나올때 같이 주시겠어요?,영수증문의,64
영수증 챙겨주시는 거죠? ,영수증문의,64
샷 두 개만 넣어 주세요,에스프레소샷개수요구,63
샷 다 넣지 말아 주세요,에스프레소샷개수요구,63
샷은 하나만 넣어 주세요,에스프레소샷개수요구,63
아메리카노에 샷 하나 추가 해주세요,에스프레소샷개수요구,63
아메리카노에 샷 하나만 넣어주세요,에스프레소샷개수요구,63
카페라떼에 샷 추가 해주시겠어요?,에스프레소샷개수요구,63
강아지 출입 가능한가요?,애완견출입문의,59
테이크아웃할 건데 강아지 잠시 데리고 와도 되죠?,애완견출입문의,59
외부 자리에서는 강아지 데리고 있어도 돼요?,애완견출입문의,59
강아지 데리고 들어가도 되나요?,애완견출입문의,59
혹시 애완견 출입이 가능한가요?,애완견출입문의,59
애완견을 데리고 들어갈 수 있나요?,애완견출입문의,59
반려견 동반 가능한 카페인가요?,애완견출입문의,59
강아지랑 같이 커피 마실 수 있어요?,애완견출입문의,59
강아지 출입 가능한 카페인가요?,애완견출입문의,59
신메뉴는 언제까지 파는 거예요?,신메뉴문의,58
신메뉴는 계절음료인가요?,신메뉴문의,58
전에 나왔던 신메뉴는 단종됐나요?,신메뉴문의,58
신메뉴가 뭐에요?,신메뉴문의,58
쟁반은 어디에 반납해요?,식기류쟁반반납,57
다 마신 머그잔은 어디에 놔두면 돼요?,식기류쟁반반납,57
빈 그릇이랑 머그잔 놔두고 가면 되는 건가요?,식기류쟁반반납,57
컵이랑 쟁반 카운터에 갖다주면 되죠?,식기류쟁반반납,57
먹고 나서 빈 그릇이랑 컵 카운터에 반납해야 하는 거에요?,식기류쟁반반납,57
빵 잘라 먹고 싶은데 나이프 있어요?,식기류요구,56
그릇 좀 주실래요?,식기류요구,56
덜어 먹고 싶은데 그릇 없어요?,식기류요구,56
포크 2개만 더 주시겠어요?,식기류요구,56
혹시 접시 하나 더 주실 수 있나요?,식기류요구,56
빵 먹어봐도 되는 거예요?,시식요청,55
시식이 다 떨어졌는데 채워 주실래요?,시식요청,55
빵 시식할 수 있죠?,시식요청,55
빵 시식 할 수 있나요?,시식요청,55
크로와상도 시식할 수 있을까요?,시식요청,55
식빵도 시식 해볼 수 있어요?,시식요청,55
시럽 약간만 넣어 주세요,시럽요구,53
시럽 조금만 더 넣어 주세요,시럽요구,53
시럽 한 스푼만 넣어주세요,시럽요구,53
시럽 넣어주실 수 있나요?,시럽요구,53
시럽 넣어주시겠어요?,시럽요구,53
시럽 추가 해주세요,시럽요구,53
시럽 더 많이 넣어주세요,시럽요구,53
시럽 좀 가득 넣어주세요,시럽요구,53
시럽 주세요,시럽요구,53
시럽은 제가 넣어야 하나요?,시럽,51
시럽은 어디서 넣어요?,시럽,51
시럽은 직접 넣는 건가요?,시럽,51
시럽은 넣어주시나요?,시럽,51
시럽은 어디에 있죠?,시럽,51
시럽은 직접 넣으면 되나요?,시럽,51
시럽은 셀프로 넣는건가요?,시럽,51
시럽은 어디서 넣으면 되죠?,시럽,51
시럽이 따로 있습니까?,시럽,51
자리로 가져다 주실래요?,서빙요구,50
자리에 앉으면 가져다 주시나요?,서빙요구,50
제 자리에 가져다 주세요,서빙요구,50
다 되면 가져다 주세요,서빙요구,50
자리로 가져다 주세요,서빙요구,50
서빙 부탁드려요,서빙요구,50
괜찮으시면 갖다 주실 수 있으세요?,서빙요구,50
가져다주실 수 있습니까?,서빙요구,50
자리로 가져다주세요,서빙요구,50
토핑 추가하면 추가 요금 있어요?,샷토핑추가시추가금액문의,49
토핑 추가하려는데 추가 요금 있나요?,샷토핑추가시추가금액문의,49
샷 추가하면 돈 얼마나 더 내야 해요?,샷토핑추가시추가금액문의,49
휘핑크림을 추가하려면 추가금액을 내야 하나요?,샷토핑추가시추가금액문의,49
토핑은 추가 요금이 있나요?,샷토핑추가시추가금액문의,49
토핑마다 추가 요금이 다른가요?,샷토핑추가시추가금액문의,49
크림 추가는 얼마에요?,샷토핑추가시추가금액문의,49
샷이나 토핑 추가하면 추가금액 있어요?,샷토핑추가시추가금액문의,49
토핑이나 샷 추가하려는데 추가금액 있어요?,샷토핑추가시추가금액문의,49
블루베리 머핀 있어요? ,빵종류문의,46
초코칩 스콘 있나요? ,빵종류문의,46
앙버터도 팔아요?,빵종류문의,46
소시지 들어간 빵이 있을까요?,빵종류문의,46
치즈 머핀 있죠?,빵종류문의,46
사라다 빵 판매해요? ,빵종류문의,46
빵 종류가 어떻게 되죠?,빵종류문의,46
샌드위치 판매하나요?,빵종류문의,46
빵 종류는 진열된 게 전부인가요?,빵종류문의,46
분할 결제 가능한가요?,분할결제,44
음료랑 빵이랑 따로 결제할게요,분할결제,44
음료랑 텀블러랑 따로 결제할게요,분할결제,44
현금이랑 카드로 나눠서 결제할게요,분할결제,44
음료 두 잔은 나눠서 결제할게요,분할결제,44
음료는 포인트로 빵은 카드로 결제할게요,분할결제,44
각각 결제가 가능한가요?,분할결제,44
카드랑 현금이랑 섞어서 결제 가능할까요?,분할결제,44
카드로 1만 원 현금으로 5천 원 결제하겠습니다,분할결제,44
빵도 냉장 보관 해야 하나요?,보관방법문의,43
케이크는 냉장 보관 해야죠?,보관방법문의,43
케이크는 어떻게 보관해야 합니까?,보관방법문의,43
이 빵 내일 먹으려면 어떻게 보관해야 합니까?,보관방법문의,43
이 원두 어떻게 보관해야 하나요?,보관방법문의,43
케이크 저녁에 먹으려는데 꼭 냉장보관 해야하나요?,보관방법문의,43
빵은 냉장보관 안해도 되는거죠?,보관방법문의,43
빵 같은 거는 여기서 만들어요?,베이커리제조문의,42
케이크는 여기서 만들어요?,베이커리제조문의,42
크로아상 같은 빵은 여기서 만듭니까?,베이커리제조문의,42
베이글 데워주실 수 있나요?,베이커리제조문의,42
빵에 토핑 올릴 수 있나요?,베이커리제조문의,42
샌드위치는 데워서 주나요?,베이커리제조문의,42
베이글 새로 만들어 주실 수 있습니까?,베이커리제조문의,42
케이크 언제 새로 만들어요?,베이커리제조문의,42
금방 만든 빵은 언제 나와요?,베이커리제조문의,42
마카롱 여기서 만드는 거예요?,베이커리정보문의,41
쿠키 여기서 만드는 건가요?,베이커리정보문의,41
케이크 오늘 만든 거예요?,베이커리정보문의,41
샌드위치도 판매하나요?,베이커리정보문의,41
베이글은 직접 만드는거 아니죠?,베이커리정보문의,41
샌드위치는 직접 만다는 건가요?,베이커리정보문의,41
베이커리는 어디서 가져오시나요?,베이커리정보문의,41
여기 빵들은 다 공장에서 만들어져 오는 건가요?,베이커리정보문의,41
타르트는 누가 만드는 건가요?,베이커리정보문의,41
배달 가능하세요?,배달문의,40
배달로 받을 수 있나요?,배달문의,40
물티슈 좀 넉넉하게 주세요,물티슈요구,38
물티슈도 주세요,물티슈요구,38
물티슈 더 받을 수 있어요?,물티슈요구,38
물티슈 좀 주시겠어요?,물티슈요구,38
물티슈도 챙겨주세요,물티슈요구,38
물티슈 2개만 주시겠어요?,물티슈요구,38
아메리카노에 물 좀 많이 넣어주실래요?,물우유량요구,37
카페라테에 우유 정량보다 덜 넣어주실 수 있어요?,물우유량요구,37
아이스 아메리카노에 원래보다 물 2/3만 넣어 주세요,물우유량요구,37
물 좀 주실 수 있나요?,물물컵,36
뜨거운 물 좀 주실래요?,물물컵,36
차가운 물 좀 주실래요?,물물컵,36
물은 어디 있어요?,물물컵,36
물컵 3개만 주실 수 있나요?,물물컵,36
물도 한 잔 주시겠어요?,물물컵,36
물컵 하나만 따로 주실 수 있습니까?,물물컵,36
따뜻한 물 있어요?,물물컵,36
물컵에 물 좀 따로 주실 수 있으세요?,물물컵,36
메뉴판이 잘 안 보이는데 따로 있나요?,메뉴판요구,34
메뉴판 좀 가지고 가서 봐도 되죠?,메뉴판요구,34
메뉴판 또 없어요?,메뉴판요구,34
메뉴판 좀 부탁드려요,메뉴판요구,34
메뉴판 하나 더 주시겠어요?,메뉴판요구,34
메뉴판 이거밖에 없어요?,메뉴판문의,33
메뉴판이 잘 안 보이는데요?,메뉴판문의,33
빵은 메뉴판에 없어요?,메뉴판문의,33
작은 메뉴판도 있나요?,메뉴판문의,33
메뉴판 좀 볼 수 있을까요?,메뉴판문의,33
메뉴판은 하나뿐인가요?,메뉴판문의,33
메뉴판은 어디에 있어요?,메뉴판문의,33
메뉴판 좀 갖다 주실 수 있으세요?,메뉴판문의,33
아메리카노 주문한 거 빨리 주실 수 있어요? ,메뉴가나오는것을재촉하는상황,28
샌드위치 빨리 주세요 ,메뉴가나오는것을재촉하는상황,28
페퍼민트 차로 시켰는데 빨리 안 나오나요? ,메뉴가나오는것을재촉하는상황,28
카페라테 좀 빨리 만들어 주시겠어요? ,메뉴가나오는것을재촉하는상황,28
음료랑 샌드위치 얼른 만들어 주시면 안 돼요? ,메뉴가나오는것을재촉하는상황,28
카페 앞에 주차를 했는데 좀 빨리 주실 수 있을까요?,메뉴가나오는것을재촉하는상황,28
시간이 없는데 빨리 해주실 수 있어요?,메뉴가나오는것을재촉하는상황,28
주문한 지 꽤 됐는데 빨리해주세요,메뉴가나오는것을재촉하는상황,28
주문한 지 30분이 넘었는데 대체 언제 나와요?,메뉴가나오는것을재촉하는상황,28
과일 들어가는 음료 하나 추천해 주실래요?,메뉴추천요구,32
따뜻한 음료 하나 추천해 주세요,메뉴추천요구,32
아이스 음료 추천해 주세요,메뉴추천요구,32
단 커피 좀 추천해주세요,메뉴추천요구,32
샌드위치는 뭐가 제일 잘 나가나요?,메뉴추천요구,32
신메뉴 중 하나 추천해주세요,메뉴추천요구,32
건강에 좋은 메뉴 하나 추천해주실래요?,메뉴추천요구,32
감기에 좋은 메뉴 하나 추천해주세요,메뉴추천요구,32
달달한 메뉴 추천해주세요,메뉴추천요구,32
비슷한 음료 추천해 줄래요?,메뉴추천요구,32
따뜻한 음료로 하나 추천해 주세요,메뉴추천요구,32
과일 들어간 음료 하나 추천해 주세요,메뉴추천요구,32
가장 잘 나가는 음료 추천해주세요,메뉴추천요구,32
시원한 음료 중 뭐가 제일 잘 나가나요?,메뉴추천요구,32
많이 달지 않은 케익 좀 추천해주세요,메뉴추천요구,32
풍미가 좋은 커피 원두로 만든 커피 추천 가능할까요?,메뉴추천요구,32
스콘도 하나 추가해주시겠어요? ,메뉴추가주문,31
아메리카노 한잔 더 추가할게요,메뉴추가주문,31
당근 케이크랑 초코 케이크 추가해 주실래요? ,메뉴추가주문,31
그린티 라테 추가할 수 있죠?,메뉴추가주문,31
지금 샌드위치 추가할 수 있어요? ,메뉴추가주문,31
자바칩 프라푸치노 추가할게요,메뉴추가주문,31
카페라떼도 한 잔 추가해주세요,메뉴추가주문,31
혹시 메뉴 추가할 수 있나요?,메뉴추가주문,31
아메리카노 추가 주문 가능해요?,메뉴추가문의,30
다른 빵도 추가 주문해도 되나요?,메뉴추가문의,30
메뉴 추가 가능해요?,메뉴추가문의,30
음료 한 잔 더 추가해도 될까요?,메뉴추가문의,30
빵 하나 더 추가할 수 있을까요?,메뉴추가문의,30
메뉴 추가할 수 있나요?,메뉴추가문의,30
매장에서 먹고 갈 거라서 머그잔에 주실래요? ,머그컵요구,27
머그잔에 음료 주시겠어요? ,머그컵요구,27
매장에서 마시고 갈건데 일회용 컵에 주실 수 있나요?,매장내에서일회용사용문의,25
매장에 좀만 앉아있다가 갈 건데도 일회용 컵 사용할 수 없나요?,매장내에서일회용사용문의,25
금방 나갈 건데 일회용 컵에 주시면 안 돼요? ,매장내에서일회용사용문의,25
매장에서 먹을 건데 테이크아웃 잔에 주실 수 있어요?,매장내에서일회용사용문의,25
매장 안에서 일회용 컵 사용 불가능해요? ,매장내에서일회용사용문의,25
5분 정도 있다가 나갈 건데 일회용 컵에 주시면 안 될까요?,매장내에서일회용사용문의,25
매장에서 일회용 컵을 사용할 수 있나요?,매장내에서일회용사용문의,25
매장에서 일회용 컵을 사용할 수 없나요?,매장내에서일회용사용문의,25
음료 리필할 수 있나요?,리필문의,24
티백 파는 거 없어요?,더치커피티백판매문의,22
더치커피 종류는 이게 다예요?,더치커피티백판매문의,22
더치커피는 어디 있어요?,더치커피티백판매문의,22
티백도 판매하시나요?,더치커피티백판매문의,22
더치커피도 파나요?,더치커피티백판매문의,22
혹시 티백 살 수 있나요?,더치커피티백판매문의,22
더치커피 티백 판매하고 있습니까?,더치커피티백판매문의,22
열 명 이상이 앉을 수 있는 자리가 있나요?,단체석문의,20
단체가 앉을 자리 있나요?,단체석문의,20
단체석 최대 몇 명인가요?,단체석문의,20
혹시 단체석이 있을까요?,단체석문의,20
단체석에 몇 명까지 앉을 수 있나요?,단체석문의,20
단체석은 예약해야 되나요?,단체석문의,20
스무잔 이상인데 주문 가능한가요?,단체주문문의,21
단체 주문은 오래 걸리죠?,단체주문문의,21
단체 주문하면 언제 받을 수 있나요?,단체주문문의,21
지금 단체 주문 가능할까요?,단체주문문의,21
아메리카노 30잔 주문하면 얼마나 걸릴까요?,단체주문문의,21
홀에 단체 주문은 몇 명까지 가능합니까?,단체주문문의,21
단체 주문은 메뉴 통일해야 하나요?,단체주문문의,21
저 매일 왔는데 아시죠?,단골손님임을주장,19
예전에 자주 왔었는데 기억 안 나세요?,단골손님임을주장,19
어제도 왔는데 저 기억 안 나세요?,단골손님임을주장,19
저 단골인데 모르세요?,단골손님임을주장,19
거의 매일 오는데 저 모르세요?,단골손님임을주장,19
여기 단골인데 모르시나봐요?,단골손님임을주장,19
저 단골인데 아시죠?,단골손님임을주장,19
저 여기 자주오는데 알아보시겠어요?,단골손님임을주장,19
요즘 매일오는데 아시죠?,단골손님임을주장,19
제가 어제 먹었던 음료로 주시겠어요?,늘먹던음료요구,18
어제 먹었던 음료로 주세요,늘먹던음료요구,18
매일 먹던 음료로 주실래요?,늘먹던음료요구,18
항상 먹는 걸로 주세요,늘먹던음료요구,18
늘 먹던 음료로 부탁해요,늘먹던음료요구,18
항상 먹던 음료로 한 잔 주세요,늘먹던음료요구,18
매일 먹는 음료로 부탁해요,늘먹던음료요구,18
자주 먹는 음료로 부탁합니다,늘먹던음료요구,18
늘 먹는 음료로 두 잔 주세요,늘먹던음료요구,18
추운데 에어컨 날개 좀 조절해 주시면 안 될까요?,냉방조절,17
에어컨 켤 수 있나요?,냉방조절,17
혹시 에어컨 온도를 좀 높여 주실 수 있나요?,냉방조절,17
카페 안이 많이 더운 것 같은데 온도 조절 가능한가요?,냉방조절,17
카페 안이 많이 추운데 난방을 켜주실 수 있나요?,냉방조절,17
너무 더운데 에어컨 조절해도 됩니까?,냉방조절,17
에어컨 조절 가능합니까?,냉방조절,17
에어컨 온도 좀 올려주실 수 있어요?,냉방조절,17
난방 온도 좀 주실 수 있나요?,냉방조절,17
물티슈 좀 주실래요?,냅킵물티슈요구,16
냅킨이나 물티슈 있으면 주실래요?,냅킵물티슈요구,16
냅킨 넉넉하게 주세요,냅킵물티슈요구,16
물티슈 2개 주세요,냅킵물티슈요구,16
냅킨 조금 더 주세요,냅킵물티슈요구,16
물티슈 하나 더 주세요,냅킵물티슈요구,16
냅킨이나 물티슈 좀 주실 수 있으세요?,냅킵물티슈요구,16
냅킨이나 물티슈 있으면 좀 주세요,냅킵물티슈요구,16
냅킨이나 물티슈 부탁합니다,냅킵물티슈요구,16
납품도 하세요?,납품문의,14
납품 가능하신가요?,납품문의,14
혹시 납품은 안 하세요?,납품문의,14
납품도 해주시나요?,납품문의,14
빵을 납품 받을 수 있을까요?,납품문의,14
우유 납품 해주실 수 있나요?,납품문의,14
주로 어디에 납품하시는 건가요?,납품문의,14
제가 대량 구매하고 싶은데 납품 가능할까요?,납품문의,14
초콜릿 빵 납품 가능합니까?,납품문의,14
커피 내리고 남은 가루 있어요?,남은커피가루문의,13
커피가루 좀 구할 수 있어요?,남은커피가루문의,13
커피가루 남으시면 좀 주실 수 있어요?,남은커피가루문의,13
혹시 커피 찌꺼기 좀 가져갈 수 있을까요?,남은커피가루문의,13
커피 찌꺼기 주실 수 있나요?,남은커피가루문의,13
커피 내리고 남은 가루 조금만 주실 수 있어요?,남은커피가루문의,13
남은 커피가루는 어떻게 하시나요?,남은커피가루문의,13
커피가루 남으면 어떻게 처리하세요?,남은커피가루문의,13
커피가루 조금 얻어갈 수 있을까요?,남은커피가루문의,13
음료가 남았는데 테이크아웃 할 수 있을까요?,남은음료테이크아웃문의,12
남은 음료를 테이크아웃 할 수 있을까요?,남은음료테이크아웃문의,12
남은 음료를 테이크아웃 컵에 옮겨주실 수 있나요?,남은음료테이크아웃문의,12
음료가 남아서 그러는데 테이크아웃 잔에 줄 수 있어요? ,남은음료테이크아웃문의,12
남은 음료 테이크아웃 할 수 있죠? ,남은음료테이크아웃문의,12
음료 남은 건 테이크아웃 해줘요? ,남은음료테이크아웃문의,12
남은 음료 테이크아웃 잔에 옮겨서 가져갈 수 있을까요? ,남은음료테이크아웃문의,12
음료 남은 거 테이크아웃 가능해요?,남은음료테이크아웃문의,12
기프티콘으로 결제해 주세요,기프티콘쿠폰멤버실결제요구,8
쿠폰 다 모았는데 이걸로 결제해 주세요,기프티콘쿠폰멤버실결제요구,8
멤버십으로 결제해 주세요,기프티콘쿠폰멤버실결제요구,8
아메리카노는 기프티콘으로 결제할게요,기프티콘쿠폰멤버실결제요구,8
멤버십 포인트로 결제할게요,기프티콘쿠폰멤버실결제요구,8
기프티콘 사용할게요,기프티콘쿠폰멤버실결제요구,8
멤버십으로 결제  부탁합니다,기프티콘쿠폰멤버실결제요구,8
기프티콘으로 결제 할게요,기프티콘쿠폰멤버실결제요구,8
쿠폰으로 결제해주세요,기프티콘쿠폰멤버실결제요구,8
시즌메뉴 주문 가능한가요?,계절메뉴주문문의,6
여름 한정 메뉴 지금도 주문 가능해요?,계절메뉴주문문의,6
계절메뉴 주문 가능할까요?,계절메뉴주문문의,6
계절메뉴 뭐 있어요? ,계절메뉴주문문의,6
수박 주스가 계절메뉴라고 하던데 아직도 해요? ,계절메뉴주문문의,6
빙수도 계절메뉴로 들어가요? ,계절메뉴주문문의,6
여름에만 파는 메뉴가 있어요? ,계절메뉴주문문의,6
겨울에 팔던 메뉴 이제 주문 안 되죠?,계절메뉴주문문의,6
시즌메뉴 주문할 수 있어요?,계절메뉴주문문의,6
결제 먼저 할 수 있어요?,결제문의,3
두 번 나눠서 결제할 수 있나요?,결제문의,3
모바일 페이로 결제할 수 있나요?,결제문의,3
결제해주시겠어요?,결제요청,4
결제 부탁드려요,결제요청,4
현금으로 결제할게요,결제요청,4
이 카드로 결제해주실래요? ,결제요청,4
결제는 나갈 때 해도 돼요?,결제문의,3
결제는 나중에 한꺼번에 해도 되죠?,결제문의,3
결제하려면 어디로 가요?,결제문의,3
지금 결제하면 되나요?,결제문의,3
결제는 어디서 해요?,결제문의,3
결제 여기서 하는 거예요?,결제문의,3
카드 바꾸고 싶은데 결제 취소할 수 있죠?,결제문의,3
결제 해주시겠어요?,결제문의,3
결제 하면 될까요?,결제문의,3
결제는 다 됐나요?,결제문의,3
아메리카노 얼마에요?,가격문의,2
1인 1잔이 원칙인가요?,1인1잔문의,0
한 사람이 한 잔을 주문해야 되나요?,1인1잔문의,0
한 사람이 한 잔 주문해야 돼요?,1인1잔문의,0
1인 1잔 주문해야 되나요?,1인1잔문의,0
꼭 한 사람당 음료 하나 주문해야 하는 거예요?,1인1잔문의,0
한 사람이 한잔을 꼭 주문해야 하는 거죠? ,1인1잔문의,0
1인 1잔이 필수인가요?,1인1잔문의,0
꼭 1인 1잔이 되게 시켜야 되는 건가요?,1인1잔문의,0
1인 1잔 안 하면 안 되나요? ,1인1잔문의,0
아메리카노 가격은 얼마예요?,가격문의,2
핫이랑 아이스랑 가격이 다른가요?,가격문의,2
텀블러 가격은 얼마예요?,가격문의,2
마카롱은 하나에 얼마에요?,가격문의,2
아이스 아메리카노는 가격이 다른가요?,가격문의,2
텀블러 할인하면 얼마인가요?,가격문의,2
총 가격이 얼마입니까?,가격문의,2
다 합쳐서 가격이 얼마인 거죠?,가격문의,2
에스프레소 가격은 얼마입니까?,가격문의,2
